customer_id;customer_name;city;signup_date
1;Cliente_1;oeiras;2025-01-25 00:00:00
2;Cliente_2;teresina;2025-10-26 00:00:00
3;Cliente_3;picos;2025-02-14 00:00:00
4;Cliente_4;picos;2025-10-10 00:00:00
5;Cliente_5;picos;2026-05-01 00:00:00
6;Cliente_6;picos;2025-10-23 00:00:00
7;Cliente_7;picos;2025-01-24 00:00:00
8;Cliente_8;teresina;2025-03-15 00:00:00
9;Cliente_9;floriano;2026-02-22 00:00:00
10;Cliente_10;floriano;2025-11-24 00:00:00
11;Cliente_11;oeiras;2025-02-02 00:00:00
12;Cliente_12;teresina;2025-12-15 00:00:00
13;Cliente_13;teresina;2025-10-27 00:00:00
14;Cliente_14;picos;2026-02-11 00:00:00
15;Cliente_15;picos;2025-10-22 00:00:00
16;Cliente_16;teresina;2026-01-09 00:00:00
17;Cliente_17;picos;2025-03-02 00:00:00
18;Cliente_18;teresina;2025-03-19 00:00:00
19;Cliente_19;oeiras;2025-02-09 00:00:00
20;Cliente_20;desconhecido;2025-06-10 00:00:00
21;Cliente_21;teresina;2025-10-24 00:00:00
22;Cliente_22;picos;2026-04-29 00:00:00
23;Cliente_23;picos;2025-02-01 00:00:00
24;Cliente_24;floriano;2025-12-15 00:00:00
25;Cliente_25;teresina;2026-03-31 00:00:00
26;Cliente_26;teresina;2025-07-01 00:00:00
27;Cliente_27;picos;2025-04-22 00:00:00
28;Cliente_28;picos;2025-07-23 00:00:00
29;Cliente_29;picos;2025-03-27 00:00:00
30;Cliente_30;picos;2026-02-24 00:00:00
31;Cliente_31;oeiras;2025-08-01 00:00:00
32;Cliente_32;teresina;2026-05-06 00:00:00
33;Cliente_33;picos;2025-04-29 00:00:00
34;Cliente_34;desconhecido;2025-10-29 00:00:00
35;Cliente_35;picos;2025-08-03 00:00:00
36;Cliente_36;teresina;2026-05-03 00:00:00
37;Cliente_37;floriano;2025-12-02 00:00:00
38;Cliente_38;desconhecido;2026-02-04 00:00:00
39;Cliente_39;floriano;2025-07-20 00:00:00
40;Cliente_40;teresina;2025-11-21 00:00:00
41;Cliente_41;picos;2025-08-14 00:00:00
42;Cliente_42;picos;2025-02-22 00:00:00
43;cliente_43;picos;2026-05-01 00:00:00
44;Cliente_44;desconhecido;2025-04-17 00:00:00
45;Cliente_45;teresina;2026-05-05 00:00:00
46;Cliente_46;picos;2025-03-01 00:00:00
47;Cliente_47;teresina;2025-09-03 00:00:00
48;Cliente_48;picos;2026-01-19 00:00:00
49;Cliente_49;desconhecido;2025-12-21 00:00:00
50;Cliente_50;floriano;2025-07-05 00:00:00
51;Cliente_51;picos;2026-01-24 00:00:00
52;Cliente_52;desconhecido;2025-02-16 00:00:00
53;Cliente_53;teresina;2026-04-11 00:00:00
54;Cliente_54;floriano;2025-10-05 00:00:00
55;Cliente_55;picos;2025-11-10 00:00:00
56;Cliente_56;desconhecido;2025-04-10 00:00:00
57;Cliente_57;oeiras;2026-02-16 00:00:00
58;Cliente_58;teresina;2026-01-10 00:00:00
59;cliente_59;teresina;2025-08-30 00:00:00
60;Cliente_60;teresina;2025-08-17 00:00:00
61;Cliente_61;teresina;2026-05-04 00:00:00
62;Cliente_62;picos;2025-04-27 00:00:00
63;Cliente_63;teresina;2025-11-16 00:00:00
64;Cliente_64;picos;2025-09-03 00:00:00
65;Cliente_65;oeiras;2025-02-13 00:00:00
66;Cliente_66;teresina;2026-02-05 00:00:00
67;Cliente_67;picos;2025-08-11 00:00:00
68;Cliente_68;desconhecido;2026-04-30 00:00:00
69;Cliente_69;teresina;2026-01-16 00:00:00
70;Cliente_70;picos;2025-03-07 00:00:00
71;cliente_71;teresina;2026-02-17 00:00:00
72;Cliente_72;floriano;2025-08-31 00:00:00
73;Cliente_73;floriano;2025-10-08 00:00:00
74;Cliente_74;oeiras;2025-11-29 00:00:00
75;Cliente_75;picos;2025-08-11 00:00:00
76;Cliente_76;desconhecido;2025-04-19 00:00:00
77;cliente_77;floriano;2025-05-04 00:00:00
78;Cliente_78;floriano;2025-08-03 00:00:00
79;Cliente_79;oeiras;2025-07-01 00:00:00
80;Cliente_80;desconhecido;2026-04-08 00:00:00
81;Cliente_81;floriano;2025-03-08 00:00:00
82;Cliente_82;picos;2026-03-23 00:00:00
83;Cliente_83;picos;2026-02-02 00:00:00
84;Cliente_84;teresina;2025-11-13 00:00:00
85;Cliente_85;teresina;2025-12-16 00:00:00
86;Cliente_86;desconhecido;2026-02-02 00:00:00
87;Cliente_87;picos;2025-04-08 00:00:00
88;Cliente_88;floriano;2025-08-20 00:00:00
89;Cliente_89;picos;2025-08-15 00:00:00
90;Cliente_90;floriano;2025-09-20 00:00:00
91;Cliente_91;floriano;2025-10-01 00:00:00
92;Cliente_92;picos;2025-12-24 00:00:00
93;Cliente_93;teresina;2026-04-18 00:00:00
94;Cliente_94;desconhecido;2025-08-18 00:00:00
95;Cliente_95;teresina;2025-06-11 00:00:00
96;Cliente_96;picos;2025-04-19 00:00:00
97;Cliente_97;desconhecido;2025-03-21 00:00:00
98;Cliente_98;teresina;2025-03-15 00:00:00
99;Cliente_99;teresina;2025-04-23 00:00:00
100;Cliente_100;teresina;2025-03-25 00:00:00
101;Cliente_101;picos;2025-12-28 00:00:00
102;Cliente_102;teresina;2025-08-04 00:00:00
103;Cliente_103;oeiras;2025-07-07 00:00:00
104;cliente_104;teresina;2025-12-27 00:00:00
105;cliente_105;floriano;2025-06-01 00:00:00
106;Cliente_106;desconhecido;2025-04-28 00:00:00
107;Cliente_107;teresina;2025-05-20 00:00:00
108;cliente_108;teresina;2026-01-22 00:00:00
109;Cliente_109;oeiras;2026-02-24 00:00:00
110;Cliente_110;floriano;2026-04-16 00:00:00
111;Cliente_111;teresina;2025-02-15 00:00:00
112;Cliente_112;picos;2025-08-06 00:00:00
113;Cliente_113;picos;2025-11-21 00:00:00
114;Cliente_114;floriano;2026-03-15 00:00:00
115;Cliente_115;picos;2025-08-21 00:00:00
116;cliente_116;teresina;2026-04-20 00:00:00
117;Cliente_117;picos;2025-09-27 00:00:00
118;Cliente_118;picos;2025-05-15 00:00:00
119;Cliente_119;teresina;2025-11-18 00:00:00
120;Cliente_120;teresina;2025-08-17 00:00:00
121;Cliente_121;teresina;2026-02-16 00:00:00
122;cliente_122;picos;2025-01-10 00:00:00
123;Cliente_123;picos;2025-09-21 00:00:00
124;Cliente_124;picos;2025-12-04 00:00:00
125;Cliente_125;teresina;2025-10-07 00:00:00
126;Cliente_126;floriano;2025-06-07 00:00:00
127;Cliente_127;teresina;2025-04-12 00:00:00
128;Cliente_128;oeiras;2025-03-13 00:00:00
129;Cliente_129;picos;2026-03-05 00:00:00
130;Cliente_130;oeiras;2026-03-27 00:00:00
131;Cliente_131;picos;2025-12-07 00:00:00
132;Cliente_132;oeiras;2026-05-13 00:00:00
133;Cliente_133;teresina;2025-01-24 00:00:00
134;Cliente_134;teresina;2025-01-02 00:00:00
135;Cliente_135;floriano;2025-06-15 00:00:00
136;Cliente_136;teresina;2025-04-22 00:00:00
137;Cliente_137;teresina;2025-02-12 00:00:00
138;Cliente_138;picos;2025-05-08 00:00:00
139;Cliente_139;teresina;2026-02-23 00:00:00
140;Cliente_140;picos;2025-07-21 00:00:00
141;cliente_141;picos;2025-02-13 00:00:00
142;Cliente_142;desconhecido;2025-03-21 00:00:00
143;Cliente_143;floriano;2025-07-19 00:00:00
144;Cliente_144;teresina;2025-03-18 00:00:00
145;Cliente_145;picos;2025-01-23 00:00:00
146;Cliente_146;floriano;2025-11-18 00:00:00
147;Cliente_147;floriano;2025-03-13 00:00:00
148;Cliente_148;floriano;2026-03-04 00:00:00
149;Cliente_149;oeiras;2025-10-27 00:00:00
150;Cliente_150;oeiras;2025-11-26 00:00:00
151;Cliente_151;picos;2025-11-23 00:00:00
152;Cliente_152;desconhecido;2025-08-20 00:00:00
153;Cliente_153;oeiras;2025-09-30 00:00:00
154;Cliente_154;picos;2025-08-22 00:00:00
155;Cliente_155;floriano;2026-04-05 00:00:00
156;Cliente_156;picos;2026-01-17 00:00:00
157;Cliente_157;picos;2026-03-10 00:00:00
158;Cliente_158;picos;2025-04-29 00:00:00
159;Cliente_159;teresina;2026-03-09 00:00:00
160;Cliente_160;oeiras;2025-05-28 00:00:00
161;Cliente_161;oeiras;2025-04-12 00:00:00
162;Cliente_162;teresina;2025-11-30 00:00:00
163;Cliente_163;floriano;2025-03-10 00:00:00
164;cliente_164;teresina;2026-05-13 00:00:00
165;Cliente_165;oeiras;2025-09-08 00:00:00
166;Cliente_166;teresina;2025-08-27 00:00:00
167;Cliente_167;floriano;2025-04-13 00:00:00
168;Cliente_168;teresina;2025-01-09 00:00:00
169;Cliente_169;floriano;2026-05-11 00:00:00
170;Cliente_170;teresina;2025-04-18 00:00:00
171;Cliente_171;picos;2025-10-25 00:00:00
172;Cliente_172;teresina;2026-05-03 00:00:00
173;Cliente_173;oeiras;2025-09-18 00:00:00
174;Cliente_174;teresina;2025-04-29 00:00:00
175;Cliente_175;teresina;2025-01-13 00:00:00
176;Cliente_176;oeiras;2025-08-19 00:00:00
177;Cliente_177;teresina;2025-06-26 00:00:00
178;Cliente_178;teresina;2025-01-01 00:00:00
179;Cliente_179;teresina;2025-03-03 00:00:00
180;Cliente_180;picos;2026-04-07 00:00:00
181;Cliente_181;picos;2025-07-21 00:00:00
182;Cliente_182;picos;2025-07-04 00:00:00
183;Cliente_183;desconhecido;2025-01-25 00:00:00
184;Cliente_184;oeiras;2025-05-27 00:00:00
185;Cliente_185;teresina;2025-08-12 00:00:00
186;Cliente_186;teresina;2026-02-06 00:00:00
187;Cliente_187;desconhecido;2026-01-25 00:00:00
188;Cliente_188;floriano;2025-10-09 00:00:00
189;Cliente_189;oeiras;2025-07-30 00:00:00
190;Cliente_190;oeiras;2026-03-22 00:00:00
191;Cliente_191;floriano;2025-03-07 00:00:00
192;Cliente_192;teresina;2025-06-02 00:00:00
193;Cliente_193;oeiras;2025-05-14 00:00:00
194;Cliente_194;teresina;2025-10-13 00:00:00
195;Cliente_195;oeiras;2025-03-24 00:00:00
196;Cliente_196;desconhecido;2025-09-12 00:00:00
197;Cliente_197;teresina;2026-01-24 00:00:00
198;Cliente_198;picos;2025-05-05 00:00:00
199;Cliente_199;picos;2025-06-13 00:00:00
200;Cliente_200;floriano;2025-04-14 00:00:00
201;Cliente_201;teresina;2025-07-16 00:00:00
202;Cliente_202;teresina;2025-05-19 00:00:00
203;Cliente_203;teresina;2025-10-22 00:00:00
204;Cliente_204;floriano;2025-09-28 00:00:00
205;Cliente_205;picos;2025-02-17 00:00:00
206;Cliente_206;teresina;2025-11-27 00:00:00
207;Cliente_207;desconhecido;2026-02-21 00:00:00
208;Cliente_208;picos;2025-08-06 00:00:00
209;Cliente_209;teresina;2026-05-11 00:00:00
210;Cliente_210;teresina;2026-04-22 00:00:00
211;Cliente_211;desconhecido;2025-08-28 00:00:00
212;Cliente_212;picos;2025-04-25 00:00:00
213;Cliente_213;oeiras;2025-02-25 00:00:00
214;Cliente_214;oeiras;2026-03-10 00:00:00
215;Cliente_215;floriano;2026-02-02 00:00:00
216;cliente_216;picos;2025-10-19 00:00:00
217;Cliente_217;teresina;2026-05-08 00:00:00
218;Cliente_218;oeiras;2025-08-12 00:00:00
219;Cliente_219;picos;2025-06-03 00:00:00
220;Cliente_220;teresina;2025-05-14 00:00:00
221;Cliente_221;picos;2025-10-03 00:00:00
222;Cliente_222;teresina;2025-11-27 00:00:00
223;Cliente_223;floriano;2025-05-01 00:00:00
224;Cliente_224;teresina;2025-12-27 00:00:00
225;Cliente_225;picos;2025-09-13 00:00:00
226;Cliente_226;picos;2025-05-12 00:00:00
227;Cliente_227;teresina;2025-04-27 00:00:00
228;Cliente_228;oeiras;2025-08-04 00:00:00
229;Cliente_229;picos;2026-02-13 00:00:00
230;Cliente_230;picos;2025-04-16 00:00:00
231;Cliente_231;desconhecido;2026-02-24 00:00:00
232;Cliente_232;teresina;2026-01-25 00:00:00
233;Cliente_233;floriano;2025-09-11 00:00:00
234;Cliente_234;teresina;2025-08-02 00:00:00
235;Cliente_235;floriano;2025-03-16 00:00:00
236;Cliente_236;picos;2026-05-14 00:00:00
237;Cliente_237;oeiras;2025-01-31 00:00:00
238;Cliente_238;oeiras;2026-03-29 00:00:00
239;Cliente_239;picos;2026-04-22 00:00:00
240;Cliente_240;oeiras;2026-04-25 00:00:00
241;Cliente_241;teresina;2025-12-07 00:00:00
242;Cliente_242;teresina;2025-08-15 00:00:00
243;Cliente_243;teresina;2025-02-11 00:00:00
244;Cliente_244;picos;2025-10-15 00:00:00
245;Cliente_245;teresina;2026-01-29 00:00:00
246;Cliente_246;teresina;2025-02-14 00:00:00
247;cliente_247;teresina;2025-10-05 00:00:00
248;Cliente_248;teresina;2026-01-13 00:00:00
249;Cliente_249;teresina;2025-05-07 00:00:00
250;Cliente_250;picos;2025-07-12 00:00:00
251;cliente_251;picos;2025-05-12 00:00:00
252;Cliente_252;floriano;2025-06-23 00:00:00
253;Cliente_253;floriano;2025-01-23 00:00:00
254;Cliente_254;teresina;2026-04-19 00:00:00
255;Cliente_255;desconhecido;2025-11-01 00:00:00
256;Cliente_256;picos;2025-01-13 00:00:00
257;Cliente_257;oeiras;2026-05-05 00:00:00
258;Cliente_258;desconhecido;2025-05-09 00:00:00
259;Cliente_259;picos;2026-04-21 00:00:00
260;Cliente_260;oeiras;2025-06-05 00:00:00
261;Cliente_261;floriano;2025-05-01 00:00:00
262;Cliente_262;teresina;2026-02-06 00:00:00
263;Cliente_263;picos;2025-07-20 00:00:00
264;Cliente_264;picos;2025-11-29 00:00:00
265;cliente_265;teresina;2025-03-24 00:00:00
266;Cliente_266;picos;2025-05-16 00:00:00
267;Cliente_267;teresina;2025-09-13 00:00:00
268;Cliente_268;picos;2025-04-30 00:00:00
269;Cliente_269;oeiras;2025-05-01 00:00:00
270;Cliente_270;oeiras;2026-01-24 00:00:00
271;Cliente_271;teresina;2025-05-24 00:00:00
272;Cliente_272;oeiras;2025-05-14 00:00:00
273;Cliente_273;picos;2025-05-01 00:00:00
274;Cliente_274;floriano;2025-04-07 00:00:00
275;Cliente_275;picos;2025-09-17 00:00:00
276;Cliente_276;picos;2025-12-01 00:00:00
277;Cliente_277;picos;2025-09-01 00:00:00
278;Cliente_278;teresina;2026-04-14 00:00:00
279;Cliente_279;picos;2025-03-03 00:00:00
280;Cliente_280;desconhecido;2025-10-26 00:00:00
281;Cliente_281;floriano;2026-03-20 00:00:00
282;Cliente_282;desconhecido;2026-02-03 00:00:00
283;Cliente_283;oeiras;2025-11-02 00:00:00
284;Cliente_284;picos;2025-07-08 00:00:00
285;Cliente_285;teresina;2025-01-20 00:00:00
286;Cliente_286;picos;2026-02-22 00:00:00
287;cliente_287;oeiras;2025-07-10 00:00:00
288;Cliente_288;picos;2025-01-17 00:00:00
289;Cliente_289;picos;2025-07-28 00:00:00
290;Cliente_290;floriano;2025-03-21 00:00:00
291;Cliente_291;picos;2025-07-23 00:00:00
292;Cliente_292;teresina;2025-12-08 00:00:00
293;Cliente_293;teresina;2026-01-17 00:00:00
294;Cliente_294;teresina;2025-01-10 00:00:00
295;Cliente_295;teresina;2025-11-26 00:00:00
296;Cliente_296;picos;2026-04-28 00:00:00
297;cliente_297;teresina;2025-02-28 00:00:00
298;Cliente_298;teresina;2025-08-24 00:00:00
299;Cliente_299;picos;2025-10-10 00:00:00
300;Cliente_300;teresina;2025-02-15 00:00:00
301;Cliente_301;oeiras;2025-09-16 00:00:00
302;Cliente_302;picos;2025-09-24 00:00:00
303;Cliente_303;teresina;2025-09-09 00:00:00
304;Cliente_304;desconhecido;2025-04-12 00:00:00
305;Cliente_305;picos;2026-05-15 00:00:00
306;Cliente_306;floriano;2026-04-20 00:00:00
307;Cliente_307;oeiras;2025-11-14 00:00:00
308;Cliente_308;oeiras;2026-02-07 00:00:00
309;Cliente_309;floriano;2026-03-10 00:00:00
310;Cliente_310;floriano;2025-04-22 00:00:00
311;cliente_311;picos;2025-07-16 00:00:00
312;Cliente_312;oeiras;2026-02-22 00:00:00
313;Cliente_313;floriano;2026-03-08 00:00:00
314;Cliente_314;desconhecido;2025-06-15 00:00:00
315;Cliente_315;floriano;2026-03-11 00:00:00
316;Cliente_316;teresina;2025-06-07 00:00:00
317;Cliente_317;oeiras;2025-07-08 00:00:00
318;Cliente_318;picos;2025-01-02 00:00:00
319;Cliente_319;picos;2025-08-17 00:00:00
320;Cliente_320;teresina;2026-03-05 00:00:00
321;Cliente_321;picos;2025-02-04 00:00:00
322;Cliente_322;picos;2026-02-15 00:00:00
323;Cliente_323;picos;2025-01-21 00:00:00
324;Cliente_324;oeiras;2025-06-10 00:00:00
325;Cliente_325;picos;2026-01-21 00:00:00
326;Cliente_326;desconhecido;2025-03-11 00:00:00
327;cliente_327;floriano;2026-01-10 00:00:00
328;Cliente_328;picos;2026-03-30 00:00:00
329;Cliente_329;desconhecido;2025-03-26 00:00:00
330;Cliente_330;picos;2025-02-03 00:00:00
331;Cliente_331;teresina;2025-03-23 00:00:00
332;Cliente_332;desconhecido;2025-08-22 00:00:00
333;Cliente_333;teresina;2025-04-17 00:00:00
334;Cliente_334;picos;2025-06-13 00:00:00
335;Cliente_335;teresina;2025-03-24 00:00:00
336;Cliente_336;teresina;2026-04-04 00:00:00
337;Cliente_337;teresina;2025-02-28 00:00:00
338;Cliente_338;desconhecido;2025-07-04 00:00:00
339;Cliente_339;floriano;2025-10-24 00:00:00
340;Cliente_340;teresina;2025-10-02 00:00:00
341;Cliente_341;desconhecido;2025-07-10 00:00:00
342;Cliente_342;floriano;2025-03-16 00:00:00
343;Cliente_343;teresina;2025-04-28 00:00:00
344;Cliente_344;picos;2025-06-01 00:00:00
345;Cliente_345;oeiras;2026-05-10 00:00:00
346;Cliente_346;oeiras;2026-04-04 00:00:00
347;Cliente_347;picos;2025-04-24 00:00:00
348;Cliente_348;teresina;2025-08-02 00:00:00
349;Cliente_349;picos;2025-09-08 00:00:00
350;Cliente_350;picos;2025-01-28 00:00:00
351;cliente_351;picos;2025-09-25 00:00:00
352;Cliente_352;floriano;2025-06-04 00:00:00
353;Cliente_353;floriano;2026-03-01 00:00:00
354;Cliente_354;desconhecido;2025-05-05 00:00:00
355;Cliente_355;picos;2025-11-23 00:00:00
356;Cliente_356;teresina;2025-07-25 00:00:00
357;Cliente_357;picos;2025-11-27 00:00:00
358;Cliente_358;floriano;2025-11-27 00:00:00
359;Cliente_359;floriano;2026-01-11 00:00:00
360;Cliente_360;picos;2025-01-23 00:00:00
361;Cliente_361;picos;2025-05-02 00:00:00
362;Cliente_362;picos;2025-01-07 00:00:00
363;Cliente_363;picos;2025-03-14 00:00:00
364;Cliente_364;oeiras;2025-09-17 00:00:00
365;Cliente_365;floriano;2025-03-31 00:00:00
366;Cliente_366;oeiras;2025-01-25 00:00:00
367;Cliente_367;teresina;2026-01-02 00:00:00
368;Cliente_368;teresina;2026-01-17 00:00:00
369;Cliente_369;oeiras;2025-08-20 00:00:00
370;Cliente_370;teresina;2025-04-29 00:00:00
371;Cliente_371;oeiras;2026-04-19 00:00:00
372;Cliente_372;oeiras;2025-01-27 00:00:00
373;Cliente_373;teresina;2025-12-18 00:00:00
374;Cliente_374;teresina;2025-06-01 00:00:00
375;Cliente_375;picos;2025-02-13 00:00:00
376;Cliente_376;teresina;2026-04-09 00:00:00
377;Cliente_377;picos;2026-01-18 00:00:00
378;Cliente_378;teresina;2025-06-18 00:00:00
379;Cliente_379;desconhecido;2025-11-19 00:00:00
380;Cliente_380;desconhecido;2025-10-02 00:00:00
381;Cliente_381;oeiras;2025-01-04 00:00:00
382;Cliente_382;oeiras;2025-04-30 00:00:00
383;Cliente_383;picos;2025-07-20 00:00:00
384;Cliente_384;picos;2025-03-16 00:00:00
385;cliente_385;floriano;2026-04-21 00:00:00
386;Cliente_386;oeiras;2025-01-15 00:00:00
387;cliente_387;oeiras;2025-11-21 00:00:00
388;cliente_388;picos;2025-02-03 00:00:00
389;Cliente_389;picos;2026-02-23 00:00:00
390;Cliente_390;oeiras;2025-02-03 00:00:00
391;Cliente_391;oeiras;2026-04-29 00:00:00
392;Cliente_392;picos;2025-02-27 00:00:00
393;cliente_393;desconhecido;2026-01-21 00:00:00
394;Cliente_394;oeiras;2025-11-20 00:00:00
395;Cliente_395;picos;2026-02-10 00:00:00
396;Cliente_396;teresina;2025-06-22 00:00:00
397;Cliente_397;teresina;2026-04-22 00:00:00
398;Cliente_398;teresina;2026-04-12 00:00:00
399;Cliente_399;floriano;2025-09-01 00:00:00
400;Cliente_400;picos;2026-02-08 00:00:00
401;Cliente_401;desconhecido;2025-02-20 00:00:00
402;Cliente_402;floriano;2025-10-17 00:00:00
403;Cliente_403;picos;2025-10-22 00:00:00
404;Cliente_404;picos;2025-09-26 00:00:00
405;Cliente_405;picos;2025-01-03 00:00:00
406;Cliente_406;oeiras;2026-02-12 00:00:00
407;Cliente_407;floriano;2025-06-27 00:00:00
408;Cliente_408;floriano;2026-04-29 00:00:00
409;Cliente_409;oeiras;2025-04-29 00:00:00
410;Cliente_410;oeiras;2026-01-28 00:00:00
411;Cliente_411;oeiras;2025-10-15 00:00:00
412;Cliente_412;teresina;2025-02-18 00:00:00
413;Cliente_413;oeiras;2025-02-14 00:00:00
414;Cliente_414;teresina;2025-04-16 00:00:00
415;Cliente_415;floriano;2025-09-14 00:00:00
416;Cliente_416;oeiras;2025-04-30 00:00:00
417;Cliente_417;floriano;2026-01-22 00:00:00
418;Cliente_418;picos;2025-06-28 00:00:00
419;Cliente_419;desconhecido;2026-03-08 00:00:00
420;Cliente_420;teresina;2025-03-28 00:00:00
421;Cliente_421;teresina;2025-10-24 00:00:00
422;Cliente_422;oeiras;2026-03-30 00:00:00
423;Cliente_423;teresina;2025-06-04 00:00:00
424;Cliente_424;floriano;2025-03-21 00:00:00
425;Cliente_425;oeiras;2025-06-17 00:00:00
426;Cliente_426;picos;2025-06-17 00:00:00
427;Cliente_427;oeiras;2025-02-22 00:00:00
428;Cliente_428;picos;2025-07-16 00:00:00
429;Cliente_429;teresina;2026-01-11 00:00:00
430;Cliente_430;picos;2025-11-23 00:00:00
431;Cliente_431;teresina;2025-08-26 00:00:00
432;cliente_432;desconhecido;2025-08-12 00:00:00
433;Cliente_433;oeiras;2025-06-01 00:00:00
434;Cliente_434;floriano;2026-01-13 00:00:00
435;Cliente_435;desconhecido;2025-08-09 00:00:00
436;Cliente_436;oeiras;2025-08-04 00:00:00
437;Cliente_437;oeiras;2026-03-27 00:00:00
438;Cliente_438;floriano;2026-03-13 00:00:00
439;Cliente_439;picos;2025-08-21 00:00:00
440;Cliente_440;oeiras;2025-02-20 00:00:00
441;Cliente_441;teresina;2026-01-01 00:00:00
442;Cliente_442;desconhecido;2025-08-05 00:00:00
443;Cliente_443;desconhecido;2025-07-29 00:00:00
444;Cliente_444;desconhecido;2025-04-04 00:00:00
445;Cliente_445;picos;2025-07-19 00:00:00
446;Cliente_446;picos;2025-01-20 00:00:00
447;Cliente_447;oeiras;2026-02-05 00:00:00
448;Cliente_448;teresina;2025-02-21 00:00:00
449;Cliente_449;picos;2026-01-03 00:00:00
450;Cliente_450;desconhecido;2026-03-01 00:00:00
451;Cliente_451;oeiras;2026-05-01 00:00:00
452;Cliente_452;picos;2025-07-20 00:00:00
453;Cliente_453;oeiras;2025-11-11 00:00:00
454;Cliente_454;teresina;2025-07-15 00:00:00
455;Cliente_455;teresina;2026-04-14 00:00:00
456;Cliente_456;teresina;2025-10-25 00:00:00
457;Cliente_457;oeiras;2025-07-25 00:00:00
458;Cliente_458;picos;2026-02-15 00:00:00
459;Cliente_459;picos;2025-03-08 00:00:00
460;Cliente_460;desconhecido;2025-11-21 00:00:00
461;Cliente_461;oeiras;2025-04-26 00:00:00
462;Cliente_462;oeiras;2025-11-24 00:00:00
463;Cliente_463;teresina;2025-08-28 00:00:00
464;Cliente_464;oeiras;2025-03-06 00:00:00
465;Cliente_465;desconhecido;2026-03-12 00:00:00
466;Cliente_466;oeiras;2025-05-10 00:00:00
467;Cliente_467;teresina;2025-01-02 00:00:00
468;Cliente_468;teresina;2025-05-06 00:00:00
469;Cliente_469;teresina;2025-08-08 00:00:00
470;Cliente_470;teresina;2025-03-20 00:00:00
471;Cliente_471;picos;2025-02-13 00:00:00
472;Cliente_472;desconhecido;2026-04-28 00:00:00
473;Cliente_473;oeiras;2025-10-26 00:00:00
474;cliente_474;picos;2025-12-02 00:00:00
475;Cliente_475;floriano;2025-03-15 00:00:00
476;Cliente_476;teresina;2025-06-27 00:00:00
477;Cliente_477;teresina;2026-02-10 00:00:00
478;Cliente_478;oeiras;2025-11-08 00:00:00
479;Cliente_479;floriano;2026-02-08 00:00:00
480;Cliente_480;teresina;2025-12-21 00:00:00
481;Cliente_481;desconhecido;2025-08-13 00:00:00
482;Cliente_482;picos;2025-05-16 00:00:00
483;Cliente_483;teresina;2025-09-10 00:00:00
484;Cliente_484;picos;2025-12-25 00:00:00
485;Cliente_485;floriano;2025-11-03 00:00:00
486;Cliente_486;desconhecido;2025-06-14 00:00:00
487;Cliente_487;oeiras;2025-06-01 00:00:00
488;Cliente_488;teresina;2026-05-07 00:00:00
489;Cliente_489;teresina;2025-11-22 00:00:00
490;Cliente_490;picos;2025-12-16 00:00:00
491;Cliente_491;desconhecido;2025-02-18 00:00:00
492;Cliente_492;picos;2025-01-18 00:00:00
493;Cliente_493;picos;2025-06-23 00:00:00
494;Cliente_494;teresina;2025-08-31 00:00:00
495;Cliente_495;picos;2025-05-26 00:00:00
496;Cliente_496;floriano;2025-01-27 00:00:00
497;Cliente_497;desconhecido;2025-09-10 00:00:00
498;Cliente_498;teresina;2026-03-23 00:00:00
499;Cliente_499;oeiras;2025-09-10 00:00:00
500;Cliente_500;teresina;2026-01-01 00:00:00
501;Cliente_501;oeiras;2025-02-14 00:00:00
502;Cliente_502;oeiras;2025-10-11 00:00:00
503;Cliente_503;picos;2025-07-24 00:00:00
504;Cliente_504;picos;2026-02-25 00:00:00
505;Cliente_505;oeiras;2025-01-31 00:00:00
506;Cliente_506;floriano;2025-07-12 00:00:00
507;Cliente_507;oeiras;2025-12-19 00:00:00
508;Cliente_508;picos;2025-01-21 00:00:00
509;Cliente_509;desconhecido;2025-03-31 00:00:00
510;Cliente_510;picos;2025-08-04 00:00:00
511;Cliente_511;oeiras;2025-01-07 00:00:00
512;Cliente_512;desconhecido;2025-06-08 00:00:00
513;Cliente_513;teresina;2025-04-05 00:00:00
514;Cliente_514;teresina;2025-10-17 00:00:00
515;Cliente_515;picos;2025-09-12 00:00:00
516;Cliente_516;picos;2026-02-01 00:00:00
517;Cliente_517;teresina;2025-08-17 00:00:00
518;Cliente_518;floriano;2025-10-31 00:00:00
519;Cliente_519;picos;2025-09-01 00:00:00
520;Cliente_520;picos;2025-11-26 00:00:00
521;Cliente_521;oeiras;2025-01-08 00:00:00
522;Cliente_522;oeiras;2025-03-04 00:00:00
523;Cliente_523;picos;2026-03-22 00:00:00
524;Cliente_524;teresina;2026-01-04 00:00:00
525;Cliente_525;oeiras;2025-04-06 00:00:00
526;Cliente_526;oeiras;2026-01-01 00:00:00
527;Cliente_527;desconhecido;2025-02-13 00:00:00
528;Cliente_528;teresina;2025-08-24 00:00:00
529;Cliente_529;picos;2026-01-03 00:00:00
530;cliente_530;oeiras;2025-12-18 00:00:00
531;Cliente_531;teresina;2025-06-09 00:00:00
532;Cliente_532;desconhecido;2026-03-04 00:00:00
533;Cliente_533;teresina;2026-05-01 00:00:00
534;Cliente_534;oeiras;2025-03-27 00:00:00
535;Cliente_535;teresina;2026-05-04 00:00:00
536;Cliente_536;teresina;2025-09-02 00:00:00
537;Cliente_537;teresina;2026-02-06 00:00:00
538;Cliente_538;teresina;2025-02-01 00:00:00
539;Cliente_539;desconhecido;2026-02-28 00:00:00
540;Cliente_540;oeiras;2026-05-16 00:00:00
541;cliente_541;desconhecido;2025-06-08 00:00:00
542;Cliente_542;picos;2025-07-12 00:00:00
543;Cliente_543;desconhecido;2026-04-04 00:00:00
544;Cliente_544;oeiras;2025-01-01 00:00:00
545;Cliente_545;picos;2025-10-28 00:00:00
546;Cliente_546;desconhecido;2025-01-22 00:00:00
547;Cliente_547;desconhecido;2025-10-20 00:00:00
548;Cliente_548;desconhecido;2026-02-18 00:00:00
549;Cliente_549;teresina;2025-06-27 00:00:00
550;Cliente_550;teresina;2026-02-13 00:00:00
551;Cliente_551;oeiras;2026-04-23 00:00:00
552;Cliente_552;picos;2025-12-13 00:00:00
553;Cliente_553;teresina;2025-10-28 00:00:00
554;Cliente_554;teresina;2025-10-04 00:00:00
555;Cliente_555;desconhecido;2025-02-02 00:00:00
556;Cliente_556;teresina;2026-03-30 00:00:00
557;Cliente_557;floriano;2025-10-29 00:00:00
558;Cliente_558;picos;2025-04-03 00:00:00
559;Cliente_559;floriano;2025-10-16 00:00:00
560;Cliente_560;desconhecido;2025-03-18 00:00:00
561;Cliente_561;teresina;2025-07-11 00:00:00
562;Cliente_562;teresina;2026-02-08 00:00:00
563;Cliente_563;picos;2025-06-26 00:00:00
564;Cliente_564;picos;2025-01-18 00:00:00
565;Cliente_565;floriano;2025-09-06 00:00:00
566;Cliente_566;desconhecido;2025-05-24 00:00:00
567;Cliente_567;desconhecido;2025-10-31 00:00:00
568;Cliente_568;teresina;2026-03-08 00:00:00
569;cliente_569;picos;2025-07-13 00:00:00
570;Cliente_570;floriano;2025-07-09 00:00:00
571;Cliente_571;desconhecido;2026-04-11 00:00:00
572;Cliente_572;oeiras;2025-07-23 00:00:00
573;Cliente_573;picos;2025-05-12 00:00:00
574;Cliente_574;picos;2026-05-05 00:00:00
575;Cliente_575;picos;2025-08-18 00:00:00
576;Cliente_576;picos;2026-01-05 00:00:00
577;Cliente_577;teresina;2026-04-27 00:00:00
578;Cliente_578;picos;2026-03-05 00:00:00
579;Cliente_579;floriano;2025-12-30 00:00:00
580;Cliente_580;teresina;2025-01-29 00:00:00
581;Cliente_581;picos;2026-04-26 00:00:00
582;Cliente_582;floriano;2025-10-30 00:00:00
583;Cliente_583;teresina;2025-06-15 00:00:00
584;Cliente_584;teresina;2025-09-04 00:00:00
585;Cliente_585;desconhecido;2025-03-15 00:00:00
586;Cliente_586;teresina;2026-01-03 00:00:00
587;Cliente_587;picos;2026-04-20 00:00:00
588;Cliente_588;floriano;2026-03-20 00:00:00
589;Cliente_589;desconhecido;2025-08-17 00:00:00
590;Cliente_590;teresina;2026-03-08 00:00:00
591;cliente_591;teresina;2025-06-15 00:00:00
592;Cliente_592;oeiras;2025-07-07 00:00:00
593;Cliente_593;picos;2025-04-03 00:00:00
594;Cliente_594;picos;2025-08-13 00:00:00
595;Cliente_595;teresina;2025-05-07 00:00:00
596;Cliente_596;desconhecido;2025-06-01 00:00:00
597;Cliente_597;teresina;2025-02-25 00:00:00
598;Cliente_598;picos;2025-03-20 00:00:00
599;Cliente_599;desconhecido;2025-12-09 00:00:00
600;Cliente_600;desconhecido;2025-05-27 00:00:00
601;Cliente_601;teresina;2025-08-10 00:00:00
602;Cliente_602;picos;2025-02-19 00:00:00
603;Cliente_603;picos;2025-01-30 00:00:00
604;Cliente_604;picos;2025-11-24 00:00:00
605;cliente_605;teresina;2025-09-19 00:00:00
606;Cliente_606;desconhecido;2026-04-29 00:00:00
607;Cliente_607;teresina;2025-01-21 00:00:00
608;Cliente_608;floriano;2025-04-03 00:00:00
609;Cliente_609;desconhecido;2025-04-28 00:00:00
610;Cliente_610;picos;2026-03-01 00:00:00
611;Cliente_611;teresina;2026-01-25 00:00:00
612;Cliente_612;floriano;2025-12-09 00:00:00
613;Cliente_613;floriano;2025-06-07 00:00:00
614;Cliente_614;oeiras;2025-09-24 00:00:00
615;Cliente_615;picos;2025-09-23 00:00:00
616;Cliente_616;desconhecido;2025-11-24 00:00:00
617;Cliente_617;picos;2025-07-29 00:00:00
618;Cliente_618;desconhecido;2025-12-07 00:00:00
619;Cliente_619;desconhecido;2025-07-07 00:00:00
620;cliente_620;floriano;2025-11-01 00:00:00
621;Cliente_621;teresina;2026-05-11 00:00:00
622;Cliente_622;oeiras;2025-05-06 00:00:00
623;Cliente_623;teresina;2026-02-03 00:00:00
624;Cliente_624;desconhecido;2026-04-05 00:00:00
625;Cliente_625;oeiras;2025-09-11 00:00:00
626;Cliente_626;desconhecido;2025-10-03 00:00:00
627;Cliente_627;picos;2025-04-25 00:00:00
628;Cliente_628;teresina;2025-05-09 00:00:00
629;Cliente_629;picos;2025-02-19 00:00:00
630;Cliente_630;teresina;2025-01-10 00:00:00
631;Cliente_631;teresina;2025-09-25 00:00:00
632;Cliente_632;teresina;2026-03-22 00:00:00
633;Cliente_633;teresina;2025-03-05 00:00:00
634;Cliente_634;desconhecido;2025-05-24 00:00:00
635;Cliente_635;picos;2025-10-05 00:00:00
636;Cliente_636;picos;2025-12-09 00:00:00
637;Cliente_637;picos;2026-05-01 00:00:00
638;Cliente_638;teresina;2025-12-22 00:00:00
639;Cliente_639;floriano;2025-01-19 00:00:00
640;Cliente_640;desconhecido;2025-07-05 00:00:00
641;Cliente_641;teresina;2026-01-02 00:00:00
642;Cliente_642;desconhecido;2026-04-13 00:00:00
643;Cliente_643;floriano;2025-01-28 00:00:00
644;Cliente_644;oeiras;2026-04-24 00:00:00
645;Cliente_645;oeiras;2025-11-20 00:00:00
646;cliente_646;picos;2025-02-05 00:00:00
647;Cliente_647;oeiras;2025-01-11 00:00:00
648;Cliente_648;teresina;2026-02-02 00:00:00
649;Cliente_649;picos;2026-02-19 00:00:00
650;Cliente_650;picos;2025-01-18 00:00:00
651;Cliente_651;oeiras;2025-11-16 00:00:00
652;Cliente_652;picos;2025-11-15 00:00:00
653;Cliente_653;picos;2025-08-11 00:00:00
654;Cliente_654;picos;2025-06-06 00:00:00
655;Cliente_655;picos;2025-11-01 00:00:00
656;Cliente_656;teresina;2025-02-13 00:00:00
657;Cliente_657;picos;2025-08-14 00:00:00
658;Cliente_658;teresina;2026-04-14 00:00:00
659;Cliente_659;picos;2026-01-12 00:00:00
660;Cliente_660;desconhecido;2025-08-21 00:00:00
661;Cliente_661;oeiras;2025-07-17 00:00:00
662;Cliente_662;teresina;2026-04-02 00:00:00
663;Cliente_663;teresina;2026-02-24 00:00:00
664;Cliente_664;picos;2025-04-07 00:00:00
665;Cliente_665;floriano;2025-07-22 00:00:00
666;cliente_666;desconhecido;2026-05-03 00:00:00
667;Cliente_667;teresina;2025-05-19 00:00:00
668;Cliente_668;teresina;2025-01-30 00:00:00
669;Cliente_669;picos;2025-11-07 00:00:00
670;Cliente_670;picos;2025-09-22 00:00:00
671;Cliente_671;oeiras;2026-01-26 00:00:00
672;Cliente_672;oeiras;2026-01-14 00:00:00
673;Cliente_673;oeiras;2025-06-30 00:00:00
674;Cliente_674;floriano;2026-03-12 00:00:00
675;Cliente_675;picos;2026-01-14 00:00:00
676;Cliente_676;teresina;2025-05-18 00:00:00
677;Cliente_677;oeiras;2025-03-07 00:00:00
678;Cliente_678;teresina;2026-01-28 00:00:00
679;Cliente_679;teresina;2026-05-08 00:00:00
680;Cliente_680;desconhecido;2026-02-06 00:00:00
681;Cliente_681;picos;2025-07-14 00:00:00
682;Cliente_682;teresina;2026-01-06 00:00:00
683;Cliente_683;floriano;2025-10-12 00:00:00
684;Cliente_684;picos;2026-02-07 00:00:00
685;Cliente_685;teresina;2025-08-16 00:00:00
686;Cliente_686;desconhecido;2025-03-16 00:00:00
687;Cliente_687;picos;2025-02-15 00:00:00
688;Cliente_688;desconhecido;2025-11-08 00:00:00
689;Cliente_689;picos;2026-05-13 00:00:00
690;Cliente_690;picos;2025-01-14 00:00:00
691;cliente_691;teresina;2025-06-03 00:00:00
692;Cliente_692;floriano;2025-11-14 00:00:00
693;Cliente_693;floriano;2026-01-08 00:00:00
694;Cliente_694;teresina;2025-01-21 00:00:00
695;Cliente_695;picos;2025-12-13 00:00:00
696;Cliente_696;teresina;2025-07-11 00:00:00
697;Cliente_697;floriano;2025-03-20 00:00:00
698;Cliente_698;teresina;2025-07-25 00:00:00
699;Cliente_699;floriano;2025-06-25 00:00:00
700;Cliente_700;picos;2025-03-29 00:00:00
701;Cliente_701;picos;2026-02-27 00:00:00
702;Cliente_702;oeiras;2026-04-03 00:00:00
703;Cliente_703;floriano;2026-03-31 00:00:00
704;Cliente_704;floriano;2025-05-29 00:00:00
705;Cliente_705;picos;2025-07-31 00:00:00
706;Cliente_706;floriano;2025-02-24 00:00:00
707;Cliente_707;oeiras;2026-01-06 00:00:00
708;cliente_708;desconhecido;2025-01-02 00:00:00
709;Cliente_709;picos;2026-04-15 00:00:00
710;Cliente_710;floriano;2025-01-08 00:00:00
711;Cliente_711;teresina;2026-01-29 00:00:00
712;Cliente_712;oeiras;2026-04-04 00:00:00
713;Cliente_713;floriano;2025-04-12 00:00:00
714;Cliente_714;picos;2025-09-23 00:00:00
715;Cliente_715;picos;2025-02-08 00:00:00
716;Cliente_716;desconhecido;2025-08-28 00:00:00
717;Cliente_717;picos;2025-11-29 00:00:00
718;cliente_718;teresina;2025-03-15 00:00:00
719;Cliente_719;picos;2025-01-17 00:00:00
720;Cliente_720;floriano;2025-02-02 00:00:00
721;Cliente_721;teresina;2025-01-11 00:00:00
722;Cliente_722;floriano;2026-01-27 00:00:00
723;Cliente_723;floriano;2025-05-03 00:00:00
724;Cliente_724;floriano;2026-03-14 00:00:00
725;Cliente_725;desconhecido;2026-02-22 00:00:00
726;Cliente_726;teresina;2026-05-07 00:00:00
727;Cliente_727;picos;2025-05-05 00:00:00
728;Cliente_728;floriano;2025-04-24 00:00:00
729;Cliente_729;oeiras;2025-09-06 00:00:00
730;cliente_730;picos;2025-03-30 00:00:00
731;Cliente_731;picos;2026-05-13 00:00:00
732;Cliente_732;teresina;2025-02-28 00:00:00
733;Cliente_733;teresina;2025-07-26 00:00:00
734;Cliente_734;teresina;2026-02-27 00:00:00
735;Cliente_735;teresina;2025-04-08 00:00:00
736;Cliente_736;teresina;2025-01-18 00:00:00
737;Cliente_737;desconhecido;2025-03-21 00:00:00
738;Cliente_738;picos;2025-05-19 00:00:00
739;Cliente_739;floriano;2025-08-15 00:00:00
740;Cliente_740;picos;2025-03-23 00:00:00
741;Cliente_741;teresina;2025-07-12 00:00:00
742;Cliente_742;teresina;2026-05-02 00:00:00
743;Cliente_743;desconhecido;2025-08-20 00:00:00
744;Cliente_744;teresina;2025-11-02 00:00:00
745;Cliente_745;teresina;2025-10-01 00:00:00
746;Cliente_746;picos;2025-03-06 00:00:00
747;Cliente_747;floriano;2025-02-16 00:00:00
748;Cliente_748;desconhecido;2026-01-27 00:00:00
749;Cliente_749;floriano;2025-03-16 00:00:00
750;Cliente_750;picos;2025-12-22 00:00:00
751;Cliente_751;teresina;2025-04-07 00:00:00
752;Cliente_752;floriano;2026-04-13 00:00:00
753;Cliente_753;teresina;2025-04-09 00:00:00
754;Cliente_754;picos;2025-05-28 00:00:00
755;Cliente_755;teresina;2025-07-02 00:00:00
756;Cliente_756;desconhecido;2025-11-18 00:00:00
757;Cliente_757;picos;2026-04-25 00:00:00
758;Cliente_758;oeiras;2026-02-14 00:00:00
759;Cliente_759;teresina;2025-01-13 00:00:00
760;Cliente_760;picos;2026-03-10 00:00:00
761;Cliente_761;picos;2025-04-04 00:00:00
762;Cliente_762;floriano;2026-01-11 00:00:00
763;Cliente_763;teresina;2025-01-21 00:00:00
764;Cliente_764;desconhecido;2025-06-05 00:00:00
765;Cliente_765;floriano;2025-06-09 00:00:00
766;Cliente_766;floriano;2026-03-06 00:00:00
767;Cliente_767;floriano;2025-05-11 00:00:00
768;Cliente_768;floriano;2025-06-28 00:00:00
769;Cliente_769;desconhecido;2026-02-02 00:00:00
770;Cliente_770;desconhecido;2025-10-27 00:00:00
771;Cliente_771;picos;2025-12-15 00:00:00
772;Cliente_772;picos;2026-02-02 00:00:00
773;Cliente_773;picos;2025-08-02 00:00:00
774;Cliente_774;oeiras;2025-11-12 00:00:00
775;Cliente_775;picos;2025-06-28 00:00:00
776;Cliente_776;teresina;2025-12-21 00:00:00
777;Cliente_777;desconhecido;2025-11-18 00:00:00
778;Cliente_778;oeiras;2025-12-24 00:00:00
779;Cliente_779;desconhecido;2026-04-21 00:00:00
780;Cliente_780;picos;2025-01-23 00:00:00
781;Cliente_781;floriano;2025-05-14 00:00:00
782;Cliente_782;desconhecido;2025-11-23 00:00:00
783;Cliente_783;picos;2025-03-28 00:00:00
784;Cliente_784;picos;2025-11-22 00:00:00
785;Cliente_785;oeiras;2025-09-07 00:00:00
786;Cliente_786;picos;2025-01-04 00:00:00
787;Cliente_787;oeiras;2025-06-29 00:00:00
788;Cliente_788;oeiras;2025-03-14 00:00:00
789;Cliente_789;oeiras;2026-02-22 00:00:00
790;Cliente_790;picos;2025-12-13 00:00:00
791;Cliente_791;teresina;2026-03-06 00:00:00
792;Cliente_792;picos;2025-12-20 00:00:00
793;Cliente_793;picos;2025-01-23 00:00:00
794;Cliente_794;picos;2025-02-26 00:00:00
795;Cliente_795;picos;2025-03-24 00:00:00
796;Cliente_796;teresina;2025-05-29 00:00:00
797;Cliente_797;picos;2025-08-28 00:00:00
798;Cliente_798;picos;2026-01-18 00:00:00
799;Cliente_799;floriano;2025-05-16 00:00:00
800;Cliente_800;teresina;2025-09-08 00:00:00
801;Cliente_801;picos;2025-07-03 00:00:00
802;Cliente_802;oeiras;2025-11-11 00:00:00
803;Cliente_803;teresina;2025-12-01 00:00:00
804;Cliente_804;picos;2025-01-13 00:00:00
805;Cliente_805;teresina;2025-07-08 00:00:00
806;Cliente_806;desconhecido;2026-04-04 00:00:00
807;Cliente_807;desconhecido;2026-01-04 00:00:00
808;Cliente_808;teresina;2025-07-14 00:00:00
809;Cliente_809;teresina;2025-04-28 00:00:00
810;Cliente_810;teresina;2026-03-05 00:00:00
811;Cliente_811;picos;2025-02-24 00:00:00
812;Cliente_812;desconhecido;2025-12-28 00:00:00
813;Cliente_813;picos;2025-09-11 00:00:00
814;Cliente_814;teresina;2025-11-05 00:00:00
815;Cliente_815;oeiras;2025-04-27 00:00:00
816;Cliente_816;teresina;2025-02-15 00:00:00
817;Cliente_817;teresina;2025-04-08 00:00:00
818;Cliente_818;picos;2026-03-07 00:00:00
819;Cliente_819;floriano;2025-08-06 00:00:00
820;Cliente_820;picos;2025-09-21 00:00:00
821;Cliente_821;picos;2025-08-13 00:00:00
822;cliente_822;picos;2026-04-08 00:00:00
823;Cliente_823;picos;2025-08-15 00:00:00
824;Cliente_824;floriano;2025-04-11 00:00:00
825;Cliente_825;floriano;2025-08-24 00:00:00
826;Cliente_826;oeiras;2026-03-20 00:00:00
827;Cliente_827;floriano;2025-11-14 00:00:00
828;Cliente_828;oeiras;2025-12-13 00:00:00
829;Cliente_829;floriano;2025-10-20 00:00:00
830;Cliente_830;oeiras;2025-11-28 00:00:00
831;Cliente_831;floriano;2026-03-30 00:00:00
832;Cliente_832;picos;2025-12-14 00:00:00
833;Cliente_833;picos;2025-12-05 00:00:00
834;Cliente_834;teresina;2025-07-04 00:00:00
835;Cliente_835;teresina;2025-05-14 00:00:00
836;Cliente_836;picos;2025-10-08 00:00:00
837;Cliente_837;desconhecido;2025-05-10 00:00:00
838;Cliente_838;oeiras;2025-05-09 00:00:00
839;Cliente_839;teresina;2025-04-26 00:00:00
840;Cliente_840;oeiras;2025-09-20 00:00:00
841;Cliente_841;desconhecido;2025-07-28 00:00:00
842;Cliente_842;picos;2026-03-19 00:00:00
843;Cliente_843;desconhecido;2026-01-23 00:00:00
844;Cliente_844;oeiras;2025-09-21 00:00:00
845;Cliente_845;teresina;2025-10-06 00:00:00
846;Cliente_846;floriano;2025-09-01 00:00:00
847;Cliente_847;desconhecido;2025-11-13 00:00:00
848;Cliente_848;teresina;2025-01-22 00:00:00
849;cliente_849;picos;2025-08-24 00:00:00
850;Cliente_850;teresina;2026-04-11 00:00:00
851;Cliente_851;desconhecido;2025-04-14 00:00:00
852;Cliente_852;desconhecido;2025-07-01 00:00:00
853;Cliente_853;teresina;2026-02-16 00:00:00
854;Cliente_854;desconhecido;2025-05-11 00:00:00
855;Cliente_855;oeiras;2025-09-26 00:00:00
856;Cliente_856;picos;2026-02-23 00:00:00
857;Cliente_857;floriano;2025-06-17 00:00:00
858;Cliente_858;oeiras;2025-05-05 00:00:00
859;Cliente_859;teresina;2025-01-11 00:00:00
860;Cliente_860;picos;2026-02-10 00:00:00
861;cliente_861;desconhecido;2025-05-13 00:00:00
862;Cliente_862;teresina;2026-03-24 00:00:00
863;Cliente_863;picos;2025-10-29 00:00:00
864;Cliente_864;oeiras;2026-01-25 00:00:00
865;Cliente_865;picos;2025-01-13 00:00:00
866;Cliente_866;floriano;2025-09-05 00:00:00
867;Cliente_867;picos;2025-02-08 00:00:00
868;Cliente_868;oeiras;2025-11-04 00:00:00
869;Cliente_869;picos;2025-12-21 00:00:00
870;Cliente_870;desconhecido;2026-05-06 00:00:00
871;Cliente_871;teresina;2025-09-28 00:00:00
872;Cliente_872;floriano;2025-11-16 00:00:00
873;cliente_873;teresina;2026-01-08 00:00:00
874;Cliente_874;teresina;2026-04-25 00:00:00
875;Cliente_875;floriano;2025-09-05 00:00:00
876;Cliente_876;teresina;2026-03-25 00:00:00
877;Cliente_877;picos;2026-01-08 00:00:00
878;Cliente_878;teresina;2025-02-02 00:00:00
879;Cliente_879;floriano;2025-10-21 00:00:00
880;Cliente_880;oeiras;2025-01-18 00:00:00
881;Cliente_881;picos;2026-03-23 00:00:00
882;Cliente_882;floriano;2025-11-21 00:00:00
883;Cliente_883;desconhecido;2026-02-12 00:00:00
884;Cliente_884;picos;2025-12-15 00:00:00
885;Cliente_885;teresina;2026-01-14 00:00:00
886;Cliente_886;picos;2025-06-29 00:00:00
887;Cliente_887;teresina;2025-01-31 00:00:00
888;Cliente_888;desconhecido;2025-09-04 00:00:00
889;Cliente_889;desconhecido;2025-05-01 00:00:00
890;Cliente_890;picos;2025-01-04 00:00:00
891;Cliente_891;teresina;2025-08-17 00:00:00
892;Cliente_892;picos;2025-10-28 00:00:00
893;Cliente_893;teresina;2025-05-10 00:00:00
894;Cliente_894;teresina;2025-02-07 00:00:00
895;Cliente_895;picos;2025-10-27 00:00:00
896;Cliente_896;teresina;2025-07-02 00:00:00
897;Cliente_897;oeiras;2026-03-21 00:00:00
898;Cliente_898;teresina;2026-04-06 00:00:00
899;Cliente_899;floriano;2025-01-12 00:00:00
900;Cliente_900;picos;2025-12-27 00:00:00
901;cliente_901;teresina;2025-04-13 00:00:00
902;Cliente_902;floriano;2025-11-28 00:00:00
903;Cliente_903;picos;2026-05-09 00:00:00
904;Cliente_904;picos;2026-02-19 00:00:00
905;Cliente_905;oeiras;2025-03-11 00:00:00
906;cliente_906;oeiras;2026-03-25 00:00:00
907;cliente_907;picos;2025-04-19 00:00:00
908;Cliente_908;picos;2025-11-29 00:00:00
909;Cliente_909;desconhecido;2025-06-22 00:00:00
910;Cliente_910;desconhecido;2025-01-24 00:00:00
911;Cliente_911;desconhecido;2025-09-11 00:00:00
912;Cliente_912;teresina;2026-03-24 00:00:00
913;cliente_913;floriano;2025-12-01 00:00:00
914;Cliente_914;floriano;2025-12-30 00:00:00
915;Cliente_915;picos;2025-01-10 00:00:00
916;Cliente_916;desconhecido;2026-03-07 00:00:00
917;Cliente_917;teresina;2025-06-26 00:00:00
918;Cliente_918;floriano;2025-03-20 00:00:00
919;Cliente_919;teresina;2025-04-28 00:00:00
920;Cliente_920;oeiras;2025-09-02 00:00:00
921;Cliente_921;teresina;2025-11-30 00:00:00
922;Cliente_922;teresina;2025-10-14 00:00:00
923;Cliente_923;teresina;2025-03-09 00:00:00
924;Cliente_924;picos;2025-12-02 00:00:00
925;Cliente_925;picos;2025-11-18 00:00:00
926;Cliente_926;picos;2026-04-25 00:00:00
927;cliente_927;picos;2025-10-06 00:00:00
928;Cliente_928;picos;2025-05-13 00:00:00
929;Cliente_929;picos;2026-04-08 00:00:00
930;Cliente_930;desconhecido;2025-03-24 00:00:00
931;Cliente_931;oeiras;2025-05-05 00:00:00
932;Cliente_932;picos;2025-11-22 00:00:00
933;Cliente_933;teresina;2025-08-24 00:00:00
934;Cliente_934;picos;2025-02-25 00:00:00
935;Cliente_935;desconhecido;2025-11-27 00:00:00
936;Cliente_936;teresina;2025-01-31 00:00:00
937;Cliente_937;teresina;2026-04-29 00:00:00
938;Cliente_938;picos;2025-05-09 00:00:00
939;cliente_939;picos;2025-04-29 00:00:00
940;Cliente_940;teresina;2025-11-26 00:00:00
941;Cliente_941;teresina;2025-04-21 00:00:00
942;Cliente_942;teresina;2026-03-18 00:00:00
943;Cliente_943;desconhecido;2025-03-11 00:00:00
944;Cliente_944;teresina;2025-01-03 00:00:00
945;Cliente_945;picos;2025-06-13 00:00:00
946;Cliente_946;teresina;2025-04-19 00:00:00
947;Cliente_947;picos;2026-03-12 00:00:00
948;Cliente_948;desconhecido;2026-02-01 00:00:00
949;Cliente_949;desconhecido;2025-03-13 00:00:00
950;Cliente_950;picos;2026-02-17 00:00:00
951;Cliente_951;picos;2025-03-10 00:00:00
952;Cliente_952;oeiras;2025-06-30 00:00:00
953;Cliente_953;oeiras;2025-07-23 00:00:00
954;Cliente_954;oeiras;2026-01-02 00:00:00
955;Cliente_955;picos;2025-10-27 00:00:00
956;Cliente_956;oeiras;2025-01-08 00:00:00
957;cliente_957;picos;2025-10-22 00:00:00
958;Cliente_958;picos;2025-01-25 00:00:00
959;Cliente_959;picos;2025-03-03 00:00:00
960;Cliente_960;floriano;2025-08-08 00:00:00
961;cliente_961;floriano;2025-03-17 00:00:00
962;Cliente_962;picos;2025-09-29 00:00:00
963;Cliente_963;picos;2025-06-28 00:00:00
964;Cliente_964;picos;2026-01-10 00:00:00
965;Cliente_965;picos;2025-05-16 00:00:00
966;Cliente_966;picos;2025-09-18 00:00:00
967;cliente_967;teresina;2025-05-17 00:00:00
968;cliente_968;oeiras;2025-08-21 00:00:00
969;Cliente_969;oeiras;2025-07-30 00:00:00
970;Cliente_970;oeiras;2025-05-18 00:00:00
971;Cliente_971;teresina;2025-07-16 00:00:00
972;Cliente_972;teresina;2026-03-28 00:00:00
973;Cliente_973;oeiras;2025-01-03 00:00:00
974;Cliente_974;teresina;2025-12-22 00:00:00
975;Cliente_975;picos;2026-02-27 00:00:00
976;Cliente_976;desconhecido;2025-11-14 00:00:00
977;Cliente_977;picos;2025-07-27 00:00:00
978;Cliente_978;oeiras;2025-08-15 00:00:00
979;Cliente_979;floriano;2025-01-01 00:00:00
980;Cliente_980;teresina;2025-09-19 00:00:00
981;Cliente_981;teresina;2025-05-01 00:00:00
982;Cliente_982;desconhecido;2025-07-13 00:00:00
983;Cliente_983;floriano;2025-05-17 00:00:00
984;Cliente_984;teresina;2025-02-06 00:00:00
985;Cliente_985;picos;2026-04-19 00:00:00
986;Cliente_986;desconhecido;2025-08-31 00:00:00
987;Cliente_987;floriano;2025-09-02 00:00:00
988;Cliente_988;picos;2026-04-20 00:00:00
989;Cliente_989;picos;2025-09-28 00:00:00
990;Cliente_990;oeiras;2025-03-30 00:00:00
991;Cliente_991;picos;2025-11-24 00:00:00
992;Cliente_992;oeiras;2026-03-21 00:00:00
993;Cliente_993;teresina;2026-03-03 00:00:00
994;Cliente_994;teresina;2025-03-20 00:00:00
995;Cliente_995;teresina;2025-07-02 00:00:00
996;Cliente_996;teresina;2025-08-20 00:00:00
997;Cliente_997;teresina;2025-08-17 00:00:00
998;Cliente_998;teresina;2026-01-10 00:00:00
999;Cliente_999;picos;2025-01-04 00:00:00
1000;Cliente_1000;floriano;2025-12-05 00:00:00
1001;Cliente_1001;teresina;2026-02-15 00:00:00
1002;Cliente_1002;picos;2025-01-01 00:00:00
1003;Cliente_1003;picos;2025-06-06 00:00:00
1004;Cliente_1004;teresina;2025-05-11 00:00:00
1005;Cliente_1005;picos;2025-09-26 00:00:00
1006;Cliente_1006;picos;2025-03-07 00:00:00
1007;Cliente_1007;floriano;2026-02-04 00:00:00
1008;Cliente_1008;teresina;2025-07-12 00:00:00
1009;Cliente_1009;teresina;2026-05-12 00:00:00
1010;Cliente_1010;desconhecido;2025-05-12 00:00:00
1011;Cliente_1011;floriano;2025-03-08 00:00:00
1012;Cliente_1012;desconhecido;2025-12-31 00:00:00
1013;Cliente_1013;picos;2025-06-18 00:00:00
1014;Cliente_1014;teresina;2025-07-14 00:00:00
1015;Cliente_1015;oeiras;2026-01-23 00:00:00
1016;Cliente_1016;floriano;2025-08-25 00:00:00
1017;Cliente_1017;teresina;2025-08-01 00:00:00
1018;Cliente_1018;picos;2025-08-14 00:00:00
1019;Cliente_1019;desconhecido;2026-02-27 00:00:00
1020;cliente_1020;picos;2025-07-25 00:00:00
1021;Cliente_1021;teresina;2025-10-11 00:00:00
1022;Cliente_1022;teresina;2025-03-02 00:00:00
1023;Cliente_1023;floriano;2026-02-23 00:00:00
1024;cliente_1024;desconhecido;2026-01-21 00:00:00
1025;Cliente_1025;desconhecido;2025-12-15 00:00:00
1026;Cliente_1026;desconhecido;2025-01-29 00:00:00
1027;Cliente_1027;desconhecido;2025-10-26 00:00:00
1028;Cliente_1028;picos;2026-03-23 00:00:00
1029;Cliente_1029;picos;2025-09-23 00:00:00
1030;Cliente_1030;floriano;2025-05-21 00:00:00
1031;Cliente_1031;teresina;2025-05-11 00:00:00
1032;Cliente_1032;teresina;2025-09-19 00:00:00
1033;Cliente_1033;teresina;2025-06-05 00:00:00
1034;Cliente_1034;teresina;2026-03-15 00:00:00
1035;Cliente_1035;picos;2025-01-27 00:00:00
1036;Cliente_1036;teresina;2025-12-03 00:00:00
1037;Cliente_1037;teresina;2026-04-22 00:00:00
1038;Cliente_1038;oeiras;2025-10-12 00:00:00
1039;Cliente_1039;picos;2025-09-30 00:00:00
1040;Cliente_1040;desconhecido;2025-06-15 00:00:00
1041;cliente_1041;teresina;2025-05-30 00:00:00
1042;Cliente_1042;floriano;2025-11-09 00:00:00
1043;Cliente_1043;teresina;2025-04-15 00:00:00
1044;Cliente_1044;teresina;2026-03-16 00:00:00
1045;Cliente_1045;desconhecido;2026-03-27 00:00:00
1046;Cliente_1046;picos;2025-01-08 00:00:00
1047;Cliente_1047;desconhecido;2025-03-26 00:00:00
1048;Cliente_1048;oeiras;2026-01-19 00:00:00
1049;Cliente_1049;desconhecido;2025-03-23 00:00:00
1050;Cliente_1050;picos;2025-09-22 00:00:00
1051;Cliente_1051;desconhecido;2025-02-16 00:00:00
1052;Cliente_1052;oeiras;2026-03-03 00:00:00
1053;Cliente_1053;oeiras;2025-08-06 00:00:00
1054;Cliente_1054;oeiras;2025-03-10 00:00:00
1055;cliente_1055;teresina;2026-01-24 00:00:00
1056;Cliente_1056;teresina;2025-12-28 00:00:00
1057;Cliente_1057;teresina;2025-06-16 00:00:00
1058;Cliente_1058;desconhecido;2025-12-07 00:00:00
1059;Cliente_1059;picos;2025-06-17 00:00:00
1060;Cliente_1060;picos;2025-12-02 00:00:00
1061;Cliente_1061;teresina;2025-03-18 00:00:00
1062;Cliente_1062;oeiras;2025-07-25 00:00:00
1063;Cliente_1063;picos;2025-12-03 00:00:00
1064;Cliente_1064;floriano;2025-09-27 00:00:00
1065;Cliente_1065;picos;2026-01-20 00:00:00
1066;Cliente_1066;picos;2025-04-13 00:00:00
1067;Cliente_1067;floriano;2025-10-26 00:00:00
1068;Cliente_1068;picos;2025-08-29 00:00:00
1069;Cliente_1069;desconhecido;2026-04-08 00:00:00
1070;Cliente_1070;picos;2025-10-25 00:00:00
1071;Cliente_1071;teresina;2025-04-10 00:00:00
1072;Cliente_1072;picos;2025-03-30 00:00:00
1073;Cliente_1073;picos;2025-06-18 00:00:00
1074;Cliente_1074;desconhecido;2026-03-02 00:00:00
1075;Cliente_1075;floriano;2025-08-21 00:00:00
1076;Cliente_1076;desconhecido;2025-03-24 00:00:00
1077;Cliente_1077;picos;2025-01-21 00:00:00
1078;Cliente_1078;oeiras;2025-12-23 00:00:00
1079;Cliente_1079;teresina;2025-02-09 00:00:00
1080;Cliente_1080;picos;2025-07-04 00:00:00
1081;Cliente_1081;teresina;2025-01-03 00:00:00
1082;Cliente_1082;teresina;2025-06-05 00:00:00
1083;Cliente_1083;picos;2025-03-01 00:00:00
1084;Cliente_1084;floriano;2025-03-02 00:00:00
1085;Cliente_1085;floriano;2025-10-02 00:00:00
1086;cliente_1086;picos;2025-05-26 00:00:00
1087;Cliente_1087;picos;2026-04-11 00:00:00
1088;Cliente_1088;floriano;2025-05-03 00:00:00
1089;Cliente_1089;picos;2025-09-08 00:00:00
1090;Cliente_1090;picos;2025-12-19 00:00:00
1091;Cliente_1091;picos;2025-03-20 00:00:00
1092;Cliente_1092;teresina;2025-07-21 00:00:00
1093;Cliente_1093;floriano;2026-04-01 00:00:00
1094;Cliente_1094;picos;2025-04-30 00:00:00
1095;Cliente_1095;floriano;2025-12-30 00:00:00
1096;Cliente_1096;picos;2025-11-03 00:00:00
1097;Cliente_1097;picos;2025-11-13 00:00:00
1098;Cliente_1098;teresina;2025-06-25 00:00:00
1099;Cliente_1099;floriano;2026-04-17 00:00:00
1100;Cliente_1100;teresina;2026-02-07 00:00:00
1101;Cliente_1101;picos;2025-03-17 00:00:00
1102;Cliente_1102;picos;2026-02-13 00:00:00
1103;Cliente_1103;picos;2026-04-19 00:00:00
1104;Cliente_1104;picos;2025-01-02 00:00:00
1105;Cliente_1105;teresina;2025-09-27 00:00:00
1106;Cliente_1106;desconhecido;2025-11-05 00:00:00
1107;Cliente_1107;oeiras;2025-01-26 00:00:00
1108;Cliente_1108;picos;2025-11-30 00:00:00
1109;Cliente_1109;picos;2026-02-16 00:00:00
1110;Cliente_1110;oeiras;2025-09-12 00:00:00
1111;Cliente_1111;teresina;2026-04-09 00:00:00
1112;Cliente_1112;desconhecido;2026-02-15 00:00:00
1113;Cliente_1113;teresina;2026-02-27 00:00:00
1114;Cliente_1114;floriano;2025-06-03 00:00:00
1115;Cliente_1115;oeiras;2026-04-30 00:00:00
1116;Cliente_1116;desconhecido;2026-02-08 00:00:00
1117;Cliente_1117;desconhecido;2025-04-29 00:00:00
1118;Cliente_1118;floriano;2025-05-02 00:00:00
1119;Cliente_1119;oeiras;2026-04-01 00:00:00
1120;Cliente_1120;desconhecido;2025-07-22 00:00:00
1121;Cliente_1121;teresina;2026-02-27 00:00:00
1122;Cliente_1122;picos;2025-12-01 00:00:00
1123;Cliente_1123;oeiras;2025-11-01 00:00:00
1124;Cliente_1124;teresina;2025-01-03 00:00:00
1125;Cliente_1125;picos;2026-03-26 00:00:00
1126;Cliente_1126;floriano;2025-06-03 00:00:00
1127;Cliente_1127;picos;2025-02-12 00:00:00
1128;Cliente_1128;floriano;2025-01-17 00:00:00
1129;Cliente_1129;teresina;2025-04-06 00:00:00
1130;Cliente_1130;oeiras;2025-10-03 00:00:00
1131;Cliente_1131;oeiras;2025-11-18 00:00:00
1132;cliente_1132;picos;2025-07-19 00:00:00
1133;Cliente_1133;teresina;2025-03-27 00:00:00
1134;Cliente_1134;floriano;2026-03-28 00:00:00
1135;Cliente_1135;teresina;2025-06-13 00:00:00
1136;Cliente_1136;floriano;2025-04-07 00:00:00
1137;Cliente_1137;teresina;2025-09-27 00:00:00
1138;cliente_1138;picos;2026-04-29 00:00:00
1139;Cliente_1139;oeiras;2025-05-09 00:00:00
1140;Cliente_1140;floriano;2026-01-12 00:00:00
1141;Cliente_1141;teresina;2025-03-11 00:00:00
1142;Cliente_1142;oeiras;2025-08-02 00:00:00
1143;Cliente_1143;teresina;2025-05-17 00:00:00
1144;Cliente_1144;oeiras;2025-12-30 00:00:00
1145;Cliente_1145;floriano;2026-02-19 00:00:00
1146;Cliente_1146;teresina;2025-09-10 00:00:00
1147;Cliente_1147;picos;2026-03-25 00:00:00
1148;Cliente_1148;floriano;2025-07-13 00:00:00
1149;Cliente_1149;picos;2026-01-09 00:00:00
1150;Cliente_1150;teresina;2025-09-05 00:00:00
1151;Cliente_1151;teresina;2025-03-15 00:00:00
1152;Cliente_1152;floriano;2025-01-24 00:00:00
1153;Cliente_1153;floriano;2025-11-25 00:00:00
1154;Cliente_1154;picos;2025-05-30 00:00:00
1155;Cliente_1155;floriano;2026-05-16 00:00:00
1156;Cliente_1156;oeiras;2025-11-24 00:00:00
1157;Cliente_1157;oeiras;2025-07-04 00:00:00
1158;Cliente_1158;picos;2026-03-03 00:00:00
1159;Cliente_1159;desconhecido;2025-09-30 00:00:00
1160;Cliente_1160;floriano;2026-02-18 00:00:00
1161;Cliente_1161;oeiras;2025-09-24 00:00:00
1162;Cliente_1162;picos;2025-10-28 00:00:00
1163;Cliente_1163;teresina;2026-05-08 00:00:00
1164;Cliente_1164;teresina;2025-04-12 00:00:00
1165;Cliente_1165;teresina;2025-02-25 00:00:00
1166;Cliente_1166;teresina;2025-07-17 00:00:00
1167;Cliente_1167;picos;2025-04-15 00:00:00
1168;Cliente_1168;floriano;2026-03-05 00:00:00
1169;Cliente_1169;teresina;2025-01-23 00:00:00
1170;Cliente_1170;teresina;2025-12-05 00:00:00
1171;Cliente_1171;desconhecido;2025-02-09 00:00:00
1172;Cliente_1172;teresina;2025-09-29 00:00:00
1173;Cliente_1173;picos;2025-05-13 00:00:00
1174;Cliente_1174;floriano;2026-02-28 00:00:00
1175;Cliente_1175;floriano;2026-04-27 00:00:00
1176;Cliente_1176;picos;2026-03-25 00:00:00
1177;Cliente_1177;oeiras;2026-03-01 00:00:00
1178;Cliente_1178;picos;2026-04-22 00:00:00
1179;Cliente_1179;oeiras;2025-11-21 00:00:00
1180;Cliente_1180;teresina;2025-07-21 00:00:00
1181;Cliente_1181;desconhecido;2025-06-24 00:00:00
1182;Cliente_1182;teresina;2025-06-29 00:00:00
1183;Cliente_1183;picos;2025-09-30 00:00:00
1184;Cliente_1184;teresina;2025-03-10 00:00:00
1185;Cliente_1185;teresina;2025-02-04 00:00:00
1186;Cliente_1186;oeiras;2025-05-01 00:00:00
1187;Cliente_1187;floriano;2026-01-09 00:00:00
1188;Cliente_1188;desconhecido;2026-03-13 00:00:00
1189;Cliente_1189;oeiras;2026-03-12 00:00:00
1190;Cliente_1190;teresina;2026-04-06 00:00:00
1191;cliente_1191;oeiras;2025-07-15 00:00:00
1192;Cliente_1192;oeiras;2026-03-25 00:00:00
1193;Cliente_1193;teresina;2025-12-31 00:00:00
1194;Cliente_1194;desconhecido;2025-09-18 00:00:00
1195;Cliente_1195;picos;2025-06-08 00:00:00
1196;Cliente_1196;desconhecido;2025-02-10 00:00:00
1197;Cliente_1197;picos;2025-03-04 00:00:00
1198;Cliente_1198;picos;2025-08-23 00:00:00
1199;Cliente_1199;teresina;2025-09-15 00:00:00
1200;Cliente_1200;floriano;2025-11-01 00:00:00
1201;Cliente_1201;desconhecido;2025-08-28 00:00:00
1202;Cliente_1202;oeiras;2026-04-25 00:00:00
1203;Cliente_1203;floriano;2025-04-28 00:00:00
1204;Cliente_1204;picos;2025-05-25 00:00:00
1205;Cliente_1205;floriano;2026-01-01 00:00:00
1206;cliente_1206;picos;2026-02-20 00:00:00
1207;Cliente_1207;picos;2026-05-04 00:00:00
1208;Cliente_1208;floriano;2025-02-27 00:00:00
1209;Cliente_1209;floriano;2025-07-29 00:00:00
1210;Cliente_1210;picos;2026-02-16 00:00:00
1211;Cliente_1211;oeiras;2025-05-09 00:00:00
1212;Cliente_1212;picos;2025-08-09 00:00:00
1213;Cliente_1213;oeiras;2025-11-13 00:00:00
1214;Cliente_1214;picos;2025-02-27 00:00:00
1215;Cliente_1215;picos;2025-02-09 00:00:00
1216;Cliente_1216;teresina;2026-02-03 00:00:00
1217;Cliente_1217;picos;2026-01-31 00:00:00
1218;Cliente_1218;oeiras;2026-03-06 00:00:00
1219;Cliente_1219;picos;2026-04-17 00:00:00
1220;Cliente_1220;picos;2025-02-02 00:00:00
1221;Cliente_1221;desconhecido;2026-03-19 00:00:00
1222;Cliente_1222;floriano;2025-05-16 00:00:00
1223;Cliente_1223;floriano;2025-11-20 00:00:00
1224;Cliente_1224;picos;2025-01-23 00:00:00
1225;Cliente_1225;teresina;2026-04-06 00:00:00
1226;cliente_1226;desconhecido;2025-02-22 00:00:00
1227;Cliente_1227;teresina;2026-02-03 00:00:00
1228;Cliente_1228;picos;2026-04-12 00:00:00
1229;Cliente_1229;desconhecido;2026-05-15 00:00:00
1230;Cliente_1230;floriano;2025-05-09 00:00:00
1231;Cliente_1231;teresina;2025-12-03 00:00:00
1232;cliente_1232;oeiras;2025-05-23 00:00:00
1233;Cliente_1233;teresina;2026-02-01 00:00:00
1234;Cliente_1234;desconhecido;2026-04-04 00:00:00
1235;Cliente_1235;picos;2025-02-26 00:00:00
1236;Cliente_1236;teresina;2025-01-15 00:00:00
1237;cliente_1237;desconhecido;2025-02-14 00:00:00
1238;Cliente_1238;floriano;2025-10-01 00:00:00
1239;Cliente_1239;teresina;2025-11-16 00:00:00
1240;Cliente_1240;desconhecido;2025-11-24 00:00:00
1241;Cliente_1241;picos;2026-04-09 00:00:00
1242;Cliente_1242;picos;2025-10-30 00:00:00
1243;Cliente_1243;teresina;2025-08-22 00:00:00
1244;Cliente_1244;oeiras;2025-12-28 00:00:00
1245;Cliente_1245;floriano;2026-01-06 00:00:00
1246;Cliente_1246;picos;2025-07-24 00:00:00
1247;Cliente_1247;picos;2026-01-03 00:00:00
1248;Cliente_1248;teresina;2025-11-07 00:00:00
1249;Cliente_1249;floriano;2025-07-15 00:00:00
1250;Cliente_1250;picos;2025-01-03 00:00:00
1251;Cliente_1251;desconhecido;2025-04-25 00:00:00
1252;Cliente_1252;picos;2025-05-05 00:00:00
1253;Cliente_1253;desconhecido;2025-01-01 00:00:00
1254;cliente_1254;picos;2026-04-27 00:00:00
1255;Cliente_1255;oeiras;2025-01-23 00:00:00
1256;Cliente_1256;teresina;2025-05-15 00:00:00
1257;cliente_1257;teresina;2026-01-23 00:00:00
1258;Cliente_1258;oeiras;2025-02-19 00:00:00
1259;Cliente_1259;picos;2025-11-12 00:00:00
1260;Cliente_1260;desconhecido;2026-05-05 00:00:00
1261;Cliente_1261;picos;2025-02-06 00:00:00
1262;Cliente_1262;desconhecido;2025-02-13 00:00:00
1263;Cliente_1263;floriano;2026-02-10 00:00:00
1264;Cliente_1264;picos;2025-12-05 00:00:00
1265;Cliente_1265;teresina;2025-12-10 00:00:00
1266;cliente_1266;picos;2025-04-06 00:00:00
1267;Cliente_1267;teresina;2025-04-17 00:00:00
1268;Cliente_1268;picos;2025-12-10 00:00:00
1269;Cliente_1269;picos;2025-10-07 00:00:00
1270;Cliente_1270;picos;2026-01-09 00:00:00
1271;Cliente_1271;picos;2025-02-15 00:00:00
1272;Cliente_1272;desconhecido;2025-06-01 00:00:00
1273;Cliente_1273;teresina;2026-01-29 00:00:00
1274;Cliente_1274;picos;2025-02-28 00:00:00
1275;Cliente_1275;picos;2025-09-24 00:00:00
1276;Cliente_1276;floriano;2025-10-22 00:00:00
1277;Cliente_1277;oeiras;2026-01-21 00:00:00
1278;Cliente_1278;desconhecido;2025-01-31 00:00:00
1279;Cliente_1279;oeiras;2025-03-11 00:00:00
1280;Cliente_1280;picos;2025-04-03 00:00:00
1281;Cliente_1281;teresina;2025-12-28 00:00:00
1282;Cliente_1282;desconhecido;2025-06-28 00:00:00
1283;cliente_1283;picos;2025-08-15 00:00:00
1284;Cliente_1284;oeiras;2026-04-23 00:00:00
1285;Cliente_1285;desconhecido;2026-01-20 00:00:00
1286;Cliente_1286;picos;2025-01-07 00:00:00
1287;Cliente_1287;picos;2025-10-06 00:00:00
1288;Cliente_1288;teresina;2025-01-01 00:00:00
1289;Cliente_1289;teresina;2026-02-11 00:00:00
1290;Cliente_1290;picos;2026-02-27 00:00:00
1291;Cliente_1291;teresina;2025-07-07 00:00:00
1292;Cliente_1292;teresina;2025-03-24 00:00:00
1293;Cliente_1293;oeiras;2025-10-03 00:00:00
1294;Cliente_1294;floriano;2025-12-20 00:00:00
1295;Cliente_1295;oeiras;2025-04-19 00:00:00
1296;Cliente_1296;picos;2026-01-01 00:00:00
1297;Cliente_1297;picos;2025-11-09 00:00:00
1298;Cliente_1298;oeiras;2026-05-01 00:00:00
1299;Cliente_1299;picos;2025-06-24 00:00:00
1300;Cliente_1300;oeiras;2026-03-20 00:00:00
1301;Cliente_1301;oeiras;2025-11-26 00:00:00
1302;Cliente_1302;picos;2025-11-03 00:00:00
1303;Cliente_1303;picos;2025-02-02 00:00:00
1304;Cliente_1304;picos;2025-07-05 00:00:00
1305;Cliente_1305;oeiras;2025-09-10 00:00:00
1306;Cliente_1306;teresina;2026-04-17 00:00:00
1307;Cliente_1307;picos;2025-05-11 00:00:00
1308;Cliente_1308;oeiras;2025-03-30 00:00:00
1309;Cliente_1309;picos;2026-03-17 00:00:00
1310;Cliente_1310;desconhecido;2025-04-16 00:00:00
1311;cliente_1311;picos;2025-02-24 00:00:00
1312;Cliente_1312;oeiras;2025-06-21 00:00:00
1313;Cliente_1313;picos;2025-02-07 00:00:00
1314;Cliente_1314;oeiras;2025-12-05 00:00:00
1315;Cliente_1315;picos;2025-01-24 00:00:00
1316;Cliente_1316;picos;2025-07-16 00:00:00
1317;Cliente_1317;floriano;2025-04-25 00:00:00
1318;Cliente_1318;teresina;2026-03-13 00:00:00
1319;Cliente_1319;teresina;2025-07-06 00:00:00
1320;Cliente_1320;teresina;2026-02-08 00:00:00
1321;Cliente_1321;picos;2025-09-25 00:00:00
1322;Cliente_1322;desconhecido;2025-03-26 00:00:00
1323;Cliente_1323;desconhecido;2025-01-16 00:00:00
1324;Cliente_1324;picos;2026-01-26 00:00:00
1325;Cliente_1325;oeiras;2026-04-03 00:00:00
1326;Cliente_1326;picos;2025-02-20 00:00:00
1327;Cliente_1327;picos;2025-05-25 00:00:00
1328;cliente_1328;picos;2025-02-26 00:00:00
1329;Cliente_1329;picos;2025-07-27 00:00:00
1330;Cliente_1330;picos;2026-04-11 00:00:00
1331;Cliente_1331;picos;2025-04-08 00:00:00
1332;Cliente_1332;teresina;2025-05-03 00:00:00
1333;Cliente_1333;picos;2025-09-18 00:00:00
1334;Cliente_1334;floriano;2025-11-09 00:00:00
1335;Cliente_1335;desconhecido;2025-07-12 00:00:00
1336;Cliente_1336;floriano;2025-01-29 00:00:00
1337;Cliente_1337;desconhecido;2025-06-11 00:00:00
1338;Cliente_1338;teresina;2025-08-28 00:00:00
1339;Cliente_1339;oeiras;2025-03-09 00:00:00
1340;Cliente_1340;teresina;2025-02-20 00:00:00
1341;Cliente_1341;teresina;2025-02-04 00:00:00
1342;Cliente_1342;teresina;2025-05-12 00:00:00
1343;Cliente_1343;oeiras;2026-02-20 00:00:00
1344;Cliente_1344;teresina;2025-12-18 00:00:00
1345;Cliente_1345;picos;2026-01-31 00:00:00
1346;Cliente_1346;oeiras;2025-07-06 00:00:00
1347;Cliente_1347;teresina;2026-01-15 00:00:00
1348;cliente_1348;oeiras;2026-04-08 00:00:00
1349;Cliente_1349;picos;2025-11-03 00:00:00
1350;Cliente_1350;teresina;2025-04-22 00:00:00
1351;Cliente_1351;picos;2026-03-06 00:00:00
1352;Cliente_1352;floriano;2025-04-13 00:00:00
1353;Cliente_1353;oeiras;2025-03-26 00:00:00
1354;cliente_1354;picos;2025-02-03 00:00:00
1355;Cliente_1355;oeiras;2025-09-09 00:00:00
1356;Cliente_1356;picos;2025-04-09 00:00:00
1357;Cliente_1357;desconhecido;2025-08-22 00:00:00
1358;Cliente_1358;desconhecido;2025-06-14 00:00:00
1359;cliente_1359;teresina;2025-12-09 00:00:00
1360;Cliente_1360;desconhecido;2025-03-24 00:00:00
1361;Cliente_1361;picos;2025-11-08 00:00:00
1362;Cliente_1362;teresina;2025-10-15 00:00:00
1363;Cliente_1363;teresina;2025-05-04 00:00:00
1364;Cliente_1364;teresina;2025-03-18 00:00:00
1365;Cliente_1365;picos;2025-10-25 00:00:00
1366;Cliente_1366;picos;2025-04-30 00:00:00
1367;Cliente_1367;desconhecido;2025-08-20 00:00:00
1368;Cliente_1368;floriano;2025-12-05 00:00:00
1369;Cliente_1369;oeiras;2025-05-18 00:00:00
1370;Cliente_1370;picos;2025-01-27 00:00:00
1371;Cliente_1371;picos;2026-04-08 00:00:00
1372;Cliente_1372;picos;2026-03-22 00:00:00
1373;Cliente_1373;teresina;2026-03-11 00:00:00
1374;Cliente_1374;oeiras;2025-09-20 00:00:00
1375;Cliente_1375;teresina;2025-12-03 00:00:00
1376;Cliente_1376;teresina;2026-04-06 00:00:00
1377;Cliente_1377;teresina;2025-02-08 00:00:00
1378;Cliente_1378;teresina;2025-04-03 00:00:00
1379;Cliente_1379;oeiras;2025-05-02 00:00:00
1380;Cliente_1380;teresina;2025-12-13 00:00:00
1381;Cliente_1381;picos;2025-11-16 00:00:00
1382;Cliente_1382;teresina;2026-02-14 00:00:00
1383;Cliente_1383;teresina;2025-12-14 00:00:00
1384;Cliente_1384;picos;2025-08-27 00:00:00
1385;Cliente_1385;picos;2026-05-16 00:00:00
1386;Cliente_1386;picos;2025-10-05 00:00:00
1387;Cliente_1387;oeiras;2025-04-30 00:00:00
1388;Cliente_1388;teresina;2025-12-06 00:00:00
1389;Cliente_1389;picos;2025-11-24 00:00:00
1390;Cliente_1390;picos;2025-09-19 00:00:00
1391;Cliente_1391;teresina;2025-11-27 00:00:00
1392;Cliente_1392;teresina;2025-10-23 00:00:00
1393;Cliente_1393;desconhecido;2025-08-12 00:00:00
1394;Cliente_1394;oeiras;2025-01-10 00:00:00
1395;Cliente_1395;teresina;2025-07-09 00:00:00
1396;Cliente_1396;teresina;2026-03-04 00:00:00
1397;Cliente_1397;picos;2025-12-27 00:00:00
1398;Cliente_1398;teresina;2026-01-28 00:00:00
1399;Cliente_1399;picos;2026-02-25 00:00:00
1400;Cliente_1400;oeiras;2026-03-25 00:00:00
1401;Cliente_1401;picos;2025-11-01 00:00:00
1402;Cliente_1402;teresina;2025-01-15 00:00:00
1403;Cliente_1403;picos;2025-02-13 00:00:00
1404;Cliente_1404;picos;2025-03-31 00:00:00
1405;Cliente_1405;picos;2025-01-10 00:00:00
1406;cliente_1406;picos;2026-05-12 00:00:00
1407;Cliente_1407;picos;2025-09-25 00:00:00
1408;Cliente_1408;oeiras;2025-09-03 00:00:00
1409;Cliente_1409;picos;2025-05-16 00:00:00
1410;Cliente_1410;floriano;2025-01-27 00:00:00
1411;Cliente_1411;desconhecido;2026-03-21 00:00:00
1412;Cliente_1412;teresina;2025-03-14 00:00:00
1413;Cliente_1413;floriano;2026-02-17 00:00:00
1414;Cliente_1414;oeiras;2025-08-05 00:00:00
1415;Cliente_1415;picos;2025-06-09 00:00:00
1416;Cliente_1416;picos;2025-02-03 00:00:00
1417;Cliente_1417;oeiras;2025-08-20 00:00:00
1418;Cliente_1418;picos;2025-11-15 00:00:00
1419;Cliente_1419;floriano;2025-08-11 00:00:00
1420;Cliente_1420;floriano;2025-04-21 00:00:00
1421;Cliente_1421;picos;2026-01-20 00:00:00
1422;Cliente_1422;floriano;2025-06-19 00:00:00
1423;Cliente_1423;oeiras;2025-01-13 00:00:00
1424;Cliente_1424;oeiras;2026-01-03 00:00:00
1425;Cliente_1425;picos;2025-04-15 00:00:00
1426;Cliente_1426;teresina;2025-03-09 00:00:00
1427;Cliente_1427;desconhecido;2025-06-23 00:00:00
1428;Cliente_1428;oeiras;2026-02-11 00:00:00
1429;Cliente_1429;floriano;2026-01-05 00:00:00
1430;Cliente_1430;teresina;2025-02-15 00:00:00
1431;Cliente_1431;picos;2025-03-19 00:00:00
1432;Cliente_1432;picos;2025-08-25 00:00:00
1433;cliente_1433;desconhecido;2025-09-17 00:00:00
1434;Cliente_1434;oeiras;2026-01-02 00:00:00
1435;Cliente_1435;picos;2025-02-24 00:00:00
1436;Cliente_1436;teresina;2025-09-05 00:00:00
1437;Cliente_1437;floriano;2025-04-24 00:00:00
1438;Cliente_1438;oeiras;2025-08-03 00:00:00
1439;Cliente_1439;teresina;2026-02-04 00:00:00
1440;Cliente_1440;floriano;2025-01-27 00:00:00
1441;Cliente_1441;oeiras;2026-04-18 00:00:00
1442;Cliente_1442;floriano;2025-03-08 00:00:00
1443;Cliente_1443;picos;2025-06-03 00:00:00
1444;Cliente_1444;oeiras;2026-01-30 00:00:00
1445;Cliente_1445;picos;2025-07-21 00:00:00
1446;Cliente_1446;oeiras;2025-01-27 00:00:00
1447;cliente_1447;oeiras;2025-03-11 00:00:00
1448;Cliente_1448;teresina;2025-03-25 00:00:00
1449;Cliente_1449;teresina;2025-03-28 00:00:00
1450;Cliente_1450;desconhecido;2025-08-07 00:00:00
1451;Cliente_1451;picos;2025-08-23 00:00:00
1452;Cliente_1452;teresina;2026-04-28 00:00:00
1453;Cliente_1453;teresina;2025-08-31 00:00:00
1454;Cliente_1454;desconhecido;2025-05-28 00:00:00
1455;Cliente_1455;picos;2026-01-11 00:00:00
1456;Cliente_1456;teresina;2025-02-24 00:00:00
1457;Cliente_1457;desconhecido;2025-05-07 00:00:00
1458;cliente_1458;desconhecido;2025-12-23 00:00:00
1459;Cliente_1459;teresina;2025-06-10 00:00:00
1460;Cliente_1460;teresina;2025-12-16 00:00:00
1461;Cliente_1461;desconhecido;2025-01-01 00:00:00
1462;Cliente_1462;picos;2026-02-08 00:00:00
1463;Cliente_1463;picos;2026-05-03 00:00:00
1464;Cliente_1464;teresina;2026-02-24 00:00:00
1465;Cliente_1465;teresina;2025-07-11 00:00:00
1466;Cliente_1466;teresina;2025-02-26 00:00:00
1467;Cliente_1467;oeiras;2025-07-30 00:00:00
1468;Cliente_1468;floriano;2026-01-22 00:00:00
1469;Cliente_1469;oeiras;2026-02-16 00:00:00
1470;Cliente_1470;picos;2026-01-22 00:00:00
1471;Cliente_1471;floriano;2025-12-02 00:00:00
1472;Cliente_1472;teresina;2025-03-10 00:00:00
1473;Cliente_1473;oeiras;2026-02-25 00:00:00
1474;Cliente_1474;picos;2026-03-11 00:00:00
1475;Cliente_1475;desconhecido;2026-04-26 00:00:00
1476;Cliente_1476;floriano;2025-12-01 00:00:00
1477;Cliente_1477;desconhecido;2025-10-08 00:00:00
1478;Cliente_1478;teresina;2026-02-05 00:00:00
1479;Cliente_1479;desconhecido;2025-04-20 00:00:00
1480;Cliente_1480;picos;2025-02-21 00:00:00
1481;Cliente_1481;desconhecido;2025-01-14 00:00:00
1482;Cliente_1482;picos;2025-09-12 00:00:00
1483;Cliente_1483;teresina;2025-11-24 00:00:00
1484;Cliente_1484;teresina;2025-06-08 00:00:00
1485;Cliente_1485;floriano;2025-08-29 00:00:00
1486;Cliente_1486;desconhecido;2025-06-09 00:00:00
1487;Cliente_1487;picos;2025-11-04 00:00:00
1488;Cliente_1488;floriano;2025-02-05 00:00:00
1489;Cliente_1489;oeiras;2025-04-27 00:00:00
1490;Cliente_1490;teresina;2026-04-20 00:00:00
1491;Cliente_1491;picos;2025-12-02 00:00:00
1492;Cliente_1492;floriano;2025-10-19 00:00:00
1493;Cliente_1493;teresina;2025-02-17 00:00:00
1494;Cliente_1494;floriano;2026-02-08 00:00:00
1495;Cliente_1495;desconhecido;2026-01-17 00:00:00
1496;Cliente_1496;teresina;2026-03-29 00:00:00
1497;Cliente_1497;picos;2025-07-14 00:00:00
1498;Cliente_1498;teresina;2025-04-14 00:00:00
1499;Cliente_1499;floriano;2026-01-10 00:00:00
1500;Cliente_1500;desconhecido;2025-09-14 00:00:00
1501;cliente_1501;floriano;2026-05-05 00:00:00
1502;Cliente_1502;desconhecido;2025-03-26 00:00:00
1503;Cliente_1503;floriano;2026-03-27 00:00:00
1504;Cliente_1504;teresina;2025-01-28 00:00:00
1505;Cliente_1505;picos;2026-04-07 00:00:00
1506;Cliente_1506;oeiras;2026-05-04 00:00:00
1507;Cliente_1507;picos;2025-10-14 00:00:00
1508;Cliente_1508;teresina;2026-02-16 00:00:00
1509;cliente_1509;oeiras;2025-05-13 00:00:00
1510;Cliente_1510;picos;2025-09-20 00:00:00
1511;Cliente_1511;desconhecido;2025-01-03 00:00:00
1512;Cliente_1512;picos;2026-01-19 00:00:00
1513;Cliente_1513;picos;2025-09-22 00:00:00
1514;Cliente_1514;picos;2026-04-08 00:00:00
1515;Cliente_1515;oeiras;2026-01-05 00:00:00
1516;Cliente_1516;floriano;2025-12-30 00:00:00
1517;Cliente_1517;teresina;2026-04-19 00:00:00
1518;Cliente_1518;picos;2025-08-15 00:00:00
1519;Cliente_1519;desconhecido;2025-10-14 00:00:00
1520;Cliente_1520;teresina;2025-03-29 00:00:00
1521;Cliente_1521;teresina;2025-07-29 00:00:00
1522;Cliente_1522;picos;2025-04-27 00:00:00
1523;Cliente_1523;floriano;2025-08-12 00:00:00
1524;Cliente_1524;picos;2025-08-17 00:00:00
1525;Cliente_1525;teresina;2025-03-05 00:00:00
1526;Cliente_1526;teresina;2026-03-07 00:00:00
1527;Cliente_1527;teresina;2025-08-31 00:00:00
1528;Cliente_1528;picos;2025-08-30 00:00:00
1529;Cliente_1529;picos;2025-04-30 00:00:00
1530;Cliente_1530;picos;2025-07-26 00:00:00
1531;Cliente_1531;teresina;2025-06-30 00:00:00
1532;Cliente_1532;oeiras;2025-03-19 00:00:00
1533;Cliente_1533;floriano;2025-01-04 00:00:00
1534;cliente_1534;teresina;2025-07-01 00:00:00
1535;Cliente_1535;oeiras;2025-07-25 00:00:00
1536;Cliente_1536;picos;2025-10-11 00:00:00
1537;Cliente_1537;picos;2026-05-02 00:00:00
1538;Cliente_1538;oeiras;2026-03-13 00:00:00
1539;Cliente_1539;floriano;2025-12-13 00:00:00
1540;Cliente_1540;picos;2025-10-09 00:00:00
1541;Cliente_1541;teresina;2025-03-01 00:00:00
1542;Cliente_1542;picos;2025-11-12 00:00:00
1543;Cliente_1543;teresina;2025-05-21 00:00:00
1544;Cliente_1544;teresina;2025-10-09 00:00:00
1545;Cliente_1545;oeiras;2026-04-26 00:00:00
1546;Cliente_1546;teresina;2025-11-09 00:00:00
1547;Cliente_1547;teresina;2025-01-09 00:00:00
1548;Cliente_1548;teresina;2026-02-19 00:00:00
1549;Cliente_1549;teresina;2026-04-02 00:00:00
1550;Cliente_1550;picos;2026-04-26 00:00:00
1551;Cliente_1551;picos;2025-04-18 00:00:00
1552;Cliente_1552;picos;2025-06-09 00:00:00
1553;Cliente_1553;teresina;2025-03-04 00:00:00
1554;Cliente_1554;picos;2026-04-30 00:00:00
1555;Cliente_1555;picos;2026-01-31 00:00:00
1556;Cliente_1556;picos;2025-01-21 00:00:00
1557;Cliente_1557;teresina;2025-08-05 00:00:00
1558;Cliente_1558;desconhecido;2025-04-02 00:00:00
1559;Cliente_1559;picos;2025-02-13 00:00:00
1560;Cliente_1560;picos;2025-06-17 00:00:00
1561;Cliente_1561;picos;2025-08-26 00:00:00
1562;Cliente_1562;floriano;2025-07-03 00:00:00
1563;Cliente_1563;teresina;2025-03-03 00:00:00
1564;Cliente_1564;teresina;2025-07-29 00:00:00
1565;Cliente_1565;picos;2025-12-11 00:00:00
1566;Cliente_1566;picos;2026-04-03 00:00:00
1567;Cliente_1567;oeiras;2025-12-02 00:00:00
1568;Cliente_1568;oeiras;2026-04-09 00:00:00
1569;cliente_1569;desconhecido;2026-03-29 00:00:00
1570;Cliente_1570;picos;2025-11-04 00:00:00
1571;Cliente_1571;floriano;2026-04-28 00:00:00
1572;Cliente_1572;desconhecido;2025-10-15 00:00:00
1573;Cliente_1573;oeiras;2025-07-16 00:00:00
1574;Cliente_1574;floriano;2026-02-15 00:00:00
1575;Cliente_1575;picos;2026-03-09 00:00:00
1576;Cliente_1576;oeiras;2025-04-07 00:00:00
1577;Cliente_1577;teresina;2025-06-20 00:00:00
1578;Cliente_1578;floriano;2025-03-24 00:00:00
1579;Cliente_1579;teresina;2026-04-08 00:00:00
1580;Cliente_1580;floriano;2026-02-25 00:00:00
1581;cliente_1581;teresina;2025-06-12 00:00:00
1582;Cliente_1582;desconhecido;2025-11-09 00:00:00
1583;Cliente_1583;floriano;2025-09-08 00:00:00
1584;Cliente_1584;picos;2025-09-09 00:00:00
1585;Cliente_1585;picos;2025-08-08 00:00:00
1586;Cliente_1586;teresina;2025-10-28 00:00:00
1587;Cliente_1587;picos;2025-02-14 00:00:00
1588;Cliente_1588;teresina;2025-05-22 00:00:00
1589;Cliente_1589;teresina;2025-08-15 00:00:00
1590;Cliente_1590;picos;2026-01-09 00:00:00
1591;Cliente_1591;picos;2025-09-10 00:00:00
1592;Cliente_1592;picos;2025-12-02 00:00:00
1593;Cliente_1593;picos;2026-04-17 00:00:00
1594;Cliente_1594;floriano;2025-08-07 00:00:00
1595;Cliente_1595;oeiras;2026-01-24 00:00:00
1596;Cliente_1596;teresina;2025-07-25 00:00:00
1597;Cliente_1597;picos;2025-01-24 00:00:00
1598;Cliente_1598;oeiras;2025-06-01 00:00:00
1599;Cliente_1599;floriano;2026-01-13 00:00:00
1600;Cliente_1600;oeiras;2026-03-12 00:00:00
1601;Cliente_1601;desconhecido;2025-09-17 00:00:00
1602;cliente_1602;picos;2025-02-11 00:00:00
1603;Cliente_1603;picos;2025-04-21 00:00:00
1604;Cliente_1604;oeiras;2025-02-11 00:00:00
1605;Cliente_1605;floriano;2025-04-05 00:00:00
1606;Cliente_1606;desconhecido;2025-03-03 00:00:00
1607;Cliente_1607;teresina;2025-06-22 00:00:00
1608;Cliente_1608;picos;2025-08-31 00:00:00
1609;Cliente_1609;teresina;2026-04-13 00:00:00
1610;Cliente_1610;floriano;2025-06-04 00:00:00
1611;Cliente_1611;oeiras;2025-07-16 00:00:00
1612;Cliente_1612;teresina;2025-04-19 00:00:00
1613;Cliente_1613;desconhecido;2025-06-10 00:00:00
1614;Cliente_1614;picos;2025-12-01 00:00:00
1615;Cliente_1615;picos;2026-04-18 00:00:00
1616;Cliente_1616;picos;2025-10-11 00:00:00
1617;Cliente_1617;picos;2026-04-06 00:00:00
1618;Cliente_1618;teresina;2025-10-16 00:00:00
1619;Cliente_1619;desconhecido;2026-05-14 00:00:00
1620;Cliente_1620;picos;2025-07-08 00:00:00
1621;Cliente_1621;picos;2025-09-13 00:00:00
1622;Cliente_1622;teresina;2025-10-23 00:00:00
1623;Cliente_1623;picos;2025-06-12 00:00:00
1624;Cliente_1624;teresina;2025-08-22 00:00:00
1625;Cliente_1625;oeiras;2025-12-23 00:00:00
1626;Cliente_1626;oeiras;2025-04-12 00:00:00
1627;Cliente_1627;oeiras;2025-03-31 00:00:00
1628;Cliente_1628;teresina;2025-05-31 00:00:00
1629;Cliente_1629;floriano;2025-02-02 00:00:00
1630;Cliente_1630;picos;2025-04-16 00:00:00
1631;Cliente_1631;desconhecido;2026-03-05 00:00:00
1632;Cliente_1632;teresina;2026-04-20 00:00:00
1633;Cliente_1633;floriano;2026-01-01 00:00:00
1634;Cliente_1634;teresina;2025-02-14 00:00:00
1635;Cliente_1635;floriano;2025-12-21 00:00:00
1636;cliente_1636;oeiras;2025-10-29 00:00:00
1637;Cliente_1637;floriano;2025-04-14 00:00:00
1638;Cliente_1638;picos;2025-02-22 00:00:00
1639;Cliente_1639;floriano;2026-03-27 00:00:00
1640;Cliente_1640;oeiras;2026-05-10 00:00:00
1641;Cliente_1641;picos;2025-02-04 00:00:00
1642;Cliente_1642;teresina;2025-02-26 00:00:00
1643;Cliente_1643;floriano;2025-03-17 00:00:00
1644;Cliente_1644;picos;2026-05-04 00:00:00
1645;cliente_1645;teresina;2025-11-16 00:00:00
1646;Cliente_1646;teresina;2026-01-07 00:00:00
1647;Cliente_1647;teresina;2025-05-11 00:00:00
1648;Cliente_1648;picos;2025-03-18 00:00:00
1649;Cliente_1649;picos;2025-03-23 00:00:00
1650;Cliente_1650;picos;2025-10-14 00:00:00
1651;Cliente_1651;desconhecido;2025-01-08 00:00:00
1652;Cliente_1652;picos;2025-05-02 00:00:00
1653;Cliente_1653;desconhecido;2025-07-02 00:00:00
1654;Cliente_1654;teresina;2025-10-29 00:00:00
1655;Cliente_1655;desconhecido;2025-01-22 00:00:00
1656;Cliente_1656;desconhecido;2025-01-26 00:00:00
1657;Cliente_1657;picos;2025-11-06 00:00:00
1658;Cliente_1658;teresina;2025-02-12 00:00:00
1659;Cliente_1659;teresina;2025-11-29 00:00:00
1660;Cliente_1660;picos;2025-09-20 00:00:00
1661;Cliente_1661;oeiras;2025-03-21 00:00:00
1662;Cliente_1662;picos;2025-12-28 00:00:00
1663;Cliente_1663;floriano;2025-01-24 00:00:00
1664;Cliente_1664;oeiras;2025-11-28 00:00:00
1665;Cliente_1665;desconhecido;2025-01-30 00:00:00
1666;Cliente_1666;picos;2025-02-22 00:00:00
1667;Cliente_1667;picos;2025-09-19 00:00:00
1668;Cliente_1668;picos;2025-08-10 00:00:00
1669;Cliente_1669;picos;2026-04-08 00:00:00
1670;Cliente_1670;oeiras;2025-07-23 00:00:00
1671;Cliente_1671;floriano;2025-12-18 00:00:00
1672;Cliente_1672;picos;2025-05-17 00:00:00
1673;Cliente_1673;picos;2025-07-25 00:00:00
1674;Cliente_1674;picos;2025-03-21 00:00:00
1675;Cliente_1675;picos;2025-05-15 00:00:00
1676;Cliente_1676;floriano;2025-12-15 00:00:00
1677;Cliente_1677;oeiras;2026-04-19 00:00:00
1678;Cliente_1678;teresina;2025-02-02 00:00:00
1679;Cliente_1679;teresina;2025-03-06 00:00:00
1680;Cliente_1680;picos;2025-12-04 00:00:00
1681;Cliente_1681;floriano;2026-05-15 00:00:00
1682;Cliente_1682;desconhecido;2026-02-15 00:00:00
1683;Cliente_1683;picos;2025-01-28 00:00:00
1684;Cliente_1684;teresina;2025-06-28 00:00:00
1685;Cliente_1685;teresina;2025-12-31 00:00:00
1686;Cliente_1686;teresina;2025-08-13 00:00:00
1687;Cliente_1687;floriano;2026-01-07 00:00:00
1688;Cliente_1688;picos;2025-12-04 00:00:00
1689;Cliente_1689;picos;2026-02-18 00:00:00
1690;Cliente_1690;picos;2025-03-20 00:00:00
1691;cliente_1691;desconhecido;2025-06-06 00:00:00
1692;Cliente_1692;oeiras;2026-02-07 00:00:00
1693;Cliente_1693;teresina;2026-05-12 00:00:00
1694;Cliente_1694;desconhecido;2025-10-17 00:00:00
1695;Cliente_1695;picos;2025-09-05 00:00:00
1696;Cliente_1696;teresina;2025-09-19 00:00:00
1697;Cliente_1697;floriano;2025-05-23 00:00:00
1698;Cliente_1698;picos;2025-08-03 00:00:00
1699;Cliente_1699;picos;2025-09-30 00:00:00
1700;Cliente_1700;oeiras;2025-12-27 00:00:00
1701;Cliente_1701;teresina;2025-05-08 00:00:00
1702;Cliente_1702;floriano;2025-07-12 00:00:00
1703;Cliente_1703;desconhecido;2025-12-29 00:00:00
1704;cliente_1704;teresina;2026-01-10 00:00:00
1705;Cliente_1705;desconhecido;2025-07-03 00:00:00
1706;Cliente_1706;picos;2026-01-22 00:00:00
1707;Cliente_1707;desconhecido;2025-04-30 00:00:00
1708;Cliente_1708;oeiras;2025-12-13 00:00:00
1709;Cliente_1709;picos;2025-05-20 00:00:00
1710;Cliente_1710;teresina;2025-01-17 00:00:00
1711;Cliente_1711;oeiras;2026-03-21 00:00:00
1712;Cliente_1712;picos;2025-06-24 00:00:00
1713;Cliente_1713;desconhecido;2026-01-13 00:00:00
1714;Cliente_1714;teresina;2025-04-11 00:00:00
1715;Cliente_1715;oeiras;2025-03-09 00:00:00
1716;Cliente_1716;desconhecido;2026-05-06 00:00:00
1717;Cliente_1717;teresina;2025-03-20 00:00:00
1718;Cliente_1718;picos;2025-06-30 00:00:00
1719;Cliente_1719;desconhecido;2025-05-06 00:00:00
1720;Cliente_1720;picos;2025-08-07 00:00:00
1721;Cliente_1721;desconhecido;2025-07-11 00:00:00
1722;Cliente_1722;teresina;2025-08-14 00:00:00
1723;Cliente_1723;teresina;2025-01-11 00:00:00
1724;Cliente_1724;desconhecido;2025-01-06 00:00:00
1725;Cliente_1725;teresina;2025-06-20 00:00:00
1726;Cliente_1726;oeiras;2025-04-07 00:00:00
1727;Cliente_1727;floriano;2025-11-09 00:00:00
1728;Cliente_1728;oeiras;2026-03-14 00:00:00
1729;Cliente_1729;teresina;2025-10-28 00:00:00
1730;Cliente_1730;picos;2025-01-19 00:00:00
1731;Cliente_1731;desconhecido;2025-11-05 00:00:00
1732;Cliente_1732;picos;2025-04-19 00:00:00
1733;Cliente_1733;teresina;2025-01-08 00:00:00
1734;Cliente_1734;teresina;2025-05-04 00:00:00
1735;Cliente_1735;teresina;2025-10-28 00:00:00
1736;Cliente_1736;floriano;2026-02-12 00:00:00
1737;Cliente_1737;teresina;2026-02-02 00:00:00
1738;Cliente_1738;picos;2025-01-28 00:00:00
1739;Cliente_1739;floriano;2025-11-16 00:00:00
1740;Cliente_1740;teresina;2025-10-08 00:00:00
1741;Cliente_1741;picos;2025-05-14 00:00:00
1742;Cliente_1742;picos;2025-06-09 00:00:00
1743;Cliente_1743;picos;2025-02-04 00:00:00
1744;Cliente_1744;teresina;2025-01-03 00:00:00
1745;Cliente_1745;teresina;2026-04-16 00:00:00
1746;Cliente_1746;oeiras;2025-03-28 00:00:00
1747;Cliente_1747;picos;2025-07-10 00:00:00
1748;Cliente_1748;picos;2026-03-26 00:00:00
1749;Cliente_1749;floriano;2025-11-11 00:00:00
1750;Cliente_1750;desconhecido;2025-02-13 00:00:00
1751;Cliente_1751;desconhecido;2025-02-28 00:00:00
1752;Cliente_1752;oeiras;2025-06-17 00:00:00
1753;Cliente_1753;picos;2025-06-23 00:00:00
1754;Cliente_1754;teresina;2025-04-24 00:00:00
1755;Cliente_1755;oeiras;2025-04-12 00:00:00
1756;Cliente_1756;teresina;2025-05-13 00:00:00
1757;Cliente_1757;teresina;2025-03-26 00:00:00
1758;Cliente_1758;oeiras;2025-01-30 00:00:00
1759;cliente_1759;teresina;2025-12-16 00:00:00
1760;Cliente_1760;floriano;2025-08-30 00:00:00
1761;Cliente_1761;picos;2025-11-27 00:00:00
1762;Cliente_1762;desconhecido;2025-11-27 00:00:00
1763;Cliente_1763;desconhecido;2025-03-29 00:00:00
1764;Cliente_1764;teresina;2025-10-09 00:00:00
1765;Cliente_1765;oeiras;2025-11-12 00:00:00
1766;Cliente_1766;teresina;2025-12-14 00:00:00
1767;Cliente_1767;desconhecido;2026-02-04 00:00:00
1768;Cliente_1768;oeiras;2025-08-15 00:00:00
1769;Cliente_1769;picos;2026-01-21 00:00:00
1770;Cliente_1770;floriano;2026-05-12 00:00:00
1771;Cliente_1771;picos;2025-02-11 00:00:00
1772;Cliente_1772;oeiras;2026-05-13 00:00:00
1773;Cliente_1773;desconhecido;2026-03-10 00:00:00
1774;Cliente_1774;floriano;2025-01-12 00:00:00
1775;cliente_1775;teresina;2025-02-14 00:00:00
1776;Cliente_1776;floriano;2025-05-03 00:00:00
1777;Cliente_1777;oeiras;2025-06-23 00:00:00
1778;Cliente_1778;teresina;2025-02-03 00:00:00
1779;Cliente_1779;oeiras;2025-03-03 00:00:00
1780;Cliente_1780;oeiras;2025-05-23 00:00:00
1781;Cliente_1781;picos;2026-03-22 00:00:00
1782;Cliente_1782;floriano;2026-02-12 00:00:00
1783;Cliente_1783;picos;2026-02-20 00:00:00
1784;Cliente_1784;teresina;2025-02-16 00:00:00
1785;Cliente_1785;teresina;2025-11-10 00:00:00
1786;Cliente_1786;teresina;2025-12-25 00:00:00
1787;Cliente_1787;desconhecido;2025-08-22 00:00:00
1788;Cliente_1788;picos;2025-05-24 00:00:00
1789;Cliente_1789;floriano;2025-05-07 00:00:00
1790;Cliente_1790;picos;2025-04-25 00:00:00
1791;Cliente_1791;desconhecido;2025-07-08 00:00:00
1792;Cliente_1792;teresina;2025-01-14 00:00:00
1793;Cliente_1793;desconhecido;2026-03-25 00:00:00
1794;Cliente_1794;picos;2025-06-27 00:00:00
1795;Cliente_1795;teresina;2025-03-22 00:00:00
1796;Cliente_1796;picos;2025-08-30 00:00:00
1797;Cliente_1797;picos;2025-12-01 00:00:00
1798;Cliente_1798;desconhecido;2026-04-07 00:00:00
1799;Cliente_1799;oeiras;2025-03-04 00:00:00
1800;Cliente_1800;floriano;2026-03-07 00:00:00
1801;Cliente_1801;picos;2026-03-23 00:00:00
1802;Cliente_1802;desconhecido;2025-03-12 00:00:00
1803;Cliente_1803;oeiras;2026-04-05 00:00:00
1804;Cliente_1804;teresina;2025-12-11 00:00:00
1805;Cliente_1805;oeiras;2025-08-11 00:00:00
1806;Cliente_1806;oeiras;2026-01-01 00:00:00
1807;Cliente_1807;picos;2025-03-21 00:00:00
1808;Cliente_1808;picos;2025-06-12 00:00:00
1809;Cliente_1809;teresina;2025-05-23 00:00:00
1810;Cliente_1810;floriano;2026-03-07 00:00:00
1811;Cliente_1811;floriano;2025-04-09 00:00:00
1812;Cliente_1812;desconhecido;2025-02-20 00:00:00
1813;cliente_1813;picos;2025-08-16 00:00:00
1814;cliente_1814;floriano;2025-02-22 00:00:00
1815;Cliente_1815;desconhecido;2025-06-06 00:00:00
1816;Cliente_1816;floriano;2025-03-30 00:00:00
1817;Cliente_1817;teresina;2026-02-18 00:00:00
1818;Cliente_1818;oeiras;2025-06-07 00:00:00
1819;Cliente_1819;oeiras;2026-02-15 00:00:00
1820;Cliente_1820;desconhecido;2026-04-05 00:00:00
1821;Cliente_1821;picos;2025-05-11 00:00:00
1822;Cliente_1822;teresina;2025-04-04 00:00:00
1823;Cliente_1823;teresina;2025-04-25 00:00:00
1824;Cliente_1824;oeiras;2025-07-31 00:00:00
1825;Cliente_1825;picos;2025-02-28 00:00:00
1826;Cliente_1826;oeiras;2025-09-09 00:00:00
1827;Cliente_1827;picos;2025-06-29 00:00:00
1828;cliente_1828;teresina;2025-11-30 00:00:00
1829;Cliente_1829;teresina;2025-08-02 00:00:00
1830;Cliente_1830;floriano;2026-01-19 00:00:00
1831;Cliente_1831;desconhecido;2025-09-29 00:00:00
1832;Cliente_1832;picos;2026-02-28 00:00:00
1833;Cliente_1833;teresina;2025-04-19 00:00:00
1834;Cliente_1834;teresina;2026-05-03 00:00:00
1835;Cliente_1835;floriano;2025-09-18 00:00:00
1836;Cliente_1836;teresina;2026-04-06 00:00:00
1837;Cliente_1837;picos;2025-05-13 00:00:00
1838;Cliente_1838;desconhecido;2025-04-09 00:00:00
1839;Cliente_1839;teresina;2025-08-11 00:00:00
1840;Cliente_1840;picos;2025-03-15 00:00:00
1841;Cliente_1841;oeiras;2025-06-01 00:00:00
1842;cliente_1842;teresina;2025-09-24 00:00:00
1843;Cliente_1843;picos;2025-01-25 00:00:00
1844;Cliente_1844;desconhecido;2025-06-01 00:00:00
1845;Cliente_1845;desconhecido;2025-03-25 00:00:00
1846;Cliente_1846;picos;2026-04-25 00:00:00
1847;Cliente_1847;teresina;2025-12-27 00:00:00
1848;Cliente_1848;floriano;2026-01-14 00:00:00
1849;Cliente_1849;floriano;2025-08-26 00:00:00
1850;Cliente_1850;teresina;2025-02-24 00:00:00
1851;Cliente_1851;picos;2025-06-14 00:00:00
1852;Cliente_1852;teresina;2025-07-21 00:00:00
1853;Cliente_1853;desconhecido;2025-02-26 00:00:00
1854;Cliente_1854;teresina;2026-03-24 00:00:00
1855;Cliente_1855;teresina;2026-01-26 00:00:00
1856;Cliente_1856;floriano;2025-09-23 00:00:00
1857;Cliente_1857;teresina;2026-04-05 00:00:00
1858;Cliente_1858;picos;2025-08-02 00:00:00
1859;Cliente_1859;oeiras;2026-04-14 00:00:00
1860;Cliente_1860;teresina;2025-12-30 00:00:00
1861;Cliente_1861;desconhecido;2025-02-25 00:00:00
1862;Cliente_1862;desconhecido;2025-01-10 00:00:00
1863;Cliente_1863;desconhecido;2025-08-31 00:00:00
1864;Cliente_1864;floriano;2025-04-24 00:00:00
1865;Cliente_1865;floriano;2025-04-10 00:00:00
1866;Cliente_1866;teresina;2026-02-25 00:00:00
1867;Cliente_1867;floriano;2025-05-04 00:00:00
1868;Cliente_1868;floriano;2026-01-16 00:00:00
1869;Cliente_1869;oeiras;2025-07-29 00:00:00
1870;Cliente_1870;picos;2025-02-21 00:00:00
1871;Cliente_1871;picos;2025-10-28 00:00:00
1872;Cliente_1872;oeiras;2025-09-12 00:00:00
1873;Cliente_1873;picos;2025-05-25 00:00:00
1874;Cliente_1874;floriano;2025-05-21 00:00:00
1875;Cliente_1875;picos;2026-02-15 00:00:00
1876;Cliente_1876;teresina;2025-02-28 00:00:00
1877;Cliente_1877;teresina;2026-01-04 00:00:00
1878;Cliente_1878;floriano;2025-05-21 00:00:00
1879;Cliente_1879;picos;2025-08-11 00:00:00
1880;Cliente_1880;desconhecido;2026-03-15 00:00:00
1881;Cliente_1881;floriano;2025-11-28 00:00:00
1882;Cliente_1882;picos;2025-02-10 00:00:00
1883;Cliente_1883;teresina;2025-05-13 00:00:00
1884;Cliente_1884;teresina;2025-08-25 00:00:00
1885;Cliente_1885;teresina;2025-12-05 00:00:00
1886;Cliente_1886;oeiras;2025-11-29 00:00:00
1887;Cliente_1887;picos;2026-05-06 00:00:00
1888;Cliente_1888;teresina;2025-04-11 00:00:00
1889;Cliente_1889;oeiras;2026-05-15 00:00:00
1890;Cliente_1890;floriano;2025-07-24 00:00:00
1891;Cliente_1891;picos;2026-05-10 00:00:00
1892;Cliente_1892;floriano;2025-08-27 00:00:00
1893;cliente_1893;oeiras;2026-01-16 00:00:00
1894;Cliente_1894;picos;2026-03-03 00:00:00
1895;Cliente_1895;desconhecido;2025-08-24 00:00:00
1896;Cliente_1896;teresina;2026-02-14 00:00:00
1897;Cliente_1897;floriano;2025-12-09 00:00:00
1898;Cliente_1898;floriano;2025-09-29 00:00:00
1899;Cliente_1899;picos;2025-09-26 00:00:00
1900;Cliente_1900;picos;2026-03-11 00:00:00
1901;Cliente_1901;teresina;2025-06-04 00:00:00
1902;Cliente_1902;picos;2026-05-01 00:00:00
1903;Cliente_1903;picos;2025-08-14 00:00:00
1904;Cliente_1904;picos;2025-02-18 00:00:00
1905;Cliente_1905;teresina;2025-05-04 00:00:00
1906;cliente_1906;oeiras;2025-08-03 00:00:00
1907;Cliente_1907;picos;2025-08-18 00:00:00
1908;Cliente_1908;teresina;2025-10-21 00:00:00
1909;Cliente_1909;picos;2026-01-27 00:00:00
1910;Cliente_1910;oeiras;2025-10-28 00:00:00
1911;Cliente_1911;floriano;2025-03-16 00:00:00
1912;Cliente_1912;floriano;2025-08-25 00:00:00
1913;Cliente_1913;picos;2025-02-16 00:00:00
1914;Cliente_1914;desconhecido;2025-12-06 00:00:00
1915;Cliente_1915;picos;2026-02-20 00:00:00
1916;Cliente_1916;picos;2026-04-21 00:00:00
1917;Cliente_1917;picos;2025-06-20 00:00:00
1918;Cliente_1918;oeiras;2025-05-14 00:00:00
1919;Cliente_1919;desconhecido;2025-09-26 00:00:00
1920;Cliente_1920;desconhecido;2025-10-18 00:00:00
1921;Cliente_1921;floriano;2025-03-31 00:00:00
1922;Cliente_1922;oeiras;2025-12-13 00:00:00
1923;Cliente_1923;picos;2025-04-18 00:00:00
1924;Cliente_1924;teresina;2026-01-08 00:00:00
1925;Cliente_1925;oeiras;2026-03-05 00:00:00
1926;Cliente_1926;picos;2025-08-17 00:00:00
1927;Cliente_1927;picos;2026-03-29 00:00:00
1928;Cliente_1928;picos;2025-07-31 00:00:00
1929;Cliente_1929;picos;2025-10-28 00:00:00
1930;Cliente_1930;oeiras;2025-09-09 00:00:00
1931;Cliente_1931;floriano;2025-01-05 00:00:00
1932;Cliente_1932;teresina;2025-04-14 00:00:00
1933;Cliente_1933;picos;2025-02-18 00:00:00
1934;Cliente_1934;desconhecido;2026-03-05 00:00:00
1935;Cliente_1935;teresina;2026-03-05 00:00:00
1936;Cliente_1936;teresina;2025-01-07 00:00:00
1937;Cliente_1937;teresina;2025-11-14 00:00:00
1938;Cliente_1938;floriano;2025-07-12 00:00:00
1939;Cliente_1939;oeiras;2025-02-22 00:00:00
1940;Cliente_1940;floriano;2025-11-03 00:00:00
1941;cliente_1941;teresina;2026-03-22 00:00:00
1942;Cliente_1942;teresina;2025-01-24 00:00:00
1943;Cliente_1943;floriano;2025-05-22 00:00:00
1944;Cliente_1944;teresina;2026-04-04 00:00:00
1945;Cliente_1945;teresina;2025-07-13 00:00:00
1946;Cliente_1946;floriano;2025-11-12 00:00:00
1947;Cliente_1947;picos;2026-04-21 00:00:00
1948;Cliente_1948;floriano;2026-02-14 00:00:00
1949;Cliente_1949;teresina;2026-03-28 00:00:00
1950;Cliente_1950;picos;2025-11-16 00:00:00
1951;Cliente_1951;floriano;2025-01-24 00:00:00
1952;Cliente_1952;picos;2025-03-17 00:00:00
1953;Cliente_1953;picos;2026-01-27 00:00:00
1954;Cliente_1954;oeiras;2025-03-26 00:00:00
1955;Cliente_1955;teresina;2026-03-05 00:00:00
1956;Cliente_1956;floriano;2025-11-07 00:00:00
1957;Cliente_1957;picos;2026-05-04 00:00:00
1958;Cliente_1958;picos;2025-05-07 00:00:00
1959;Cliente_1959;teresina;2025-03-20 00:00:00
1960;Cliente_1960;floriano;2026-05-08 00:00:00
1961;Cliente_1961;picos;2025-09-28 00:00:00
1962;Cliente_1962;picos;2025-03-25 00:00:00
1963;Cliente_1963;desconhecido;2025-10-08 00:00:00
1964;Cliente_1964;teresina;2025-06-18 00:00:00
1965;Cliente_1965;teresina;2025-10-05 00:00:00
1966;Cliente_1966;picos;2026-03-13 00:00:00
1967;Cliente_1967;picos;2025-09-07 00:00:00
1968;Cliente_1968;picos;2026-03-31 00:00:00
1969;Cliente_1969;picos;2026-04-08 00:00:00
1970;cliente_1970;desconhecido;2025-05-13 00:00:00
1971;Cliente_1971;desconhecido;2025-08-13 00:00:00
1972;Cliente_1972;teresina;2026-05-16 00:00:00
1973;Cliente_1973;teresina;2025-12-28 00:00:00
1974;Cliente_1974;desconhecido;2025-12-13 00:00:00
1975;Cliente_1975;teresina;2025-11-06 00:00:00
1976;Cliente_1976;desconhecido;2025-07-10 00:00:00
1977;Cliente_1977;oeiras;2025-01-11 00:00:00
1978;Cliente_1978;desconhecido;2025-06-06 00:00:00
1979;Cliente_1979;picos;2026-01-15 00:00:00
1980;Cliente_1980;teresina;2026-02-17 00:00:00
1981;Cliente_1981;picos;2025-02-17 00:00:00
1982;Cliente_1982;picos;2025-04-17 00:00:00
1983;Cliente_1983;picos;2026-04-11 00:00:00
1984;Cliente_1984;picos;2025-08-21 00:00:00
1985;Cliente_1985;teresina;2025-11-17 00:00:00
1986;Cliente_1986;teresina;2025-04-13 00:00:00
1987;Cliente_1987;oeiras;2025-06-27 00:00:00
1988;Cliente_1988;oeiras;2026-03-12 00:00:00
1989;Cliente_1989;teresina;2025-08-03 00:00:00
1990;Cliente_1990;picos;2025-08-12 00:00:00
1991;Cliente_1991;desconhecido;2026-03-25 00:00:00
1992;Cliente_1992;teresina;2025-11-15 00:00:00
1993;Cliente_1993;teresina;2025-02-02 00:00:00
1994;Cliente_1994;teresina;2025-09-11 00:00:00
1995;Cliente_1995;floriano;2025-12-25 00:00:00
1996;Cliente_1996;teresina;2025-04-08 00:00:00
1997;Cliente_1997;teresina;2026-03-04 00:00:00
1998;Cliente_1998;teresina;2025-11-25 00:00:00
1999;Cliente_1999;oeiras;2025-02-13 00:00:00
2000;Cliente_2000;teresina;2025-07-30 00:00:00
